Frame,Object_ID,Class_ID,Class_Name,Confidence_Score,X_Center,Y_Center
0,1,7,truck,0.43,1318.1041,108.116165
0,2,2,car,0.27,1216.2063,600.8169
0,3,2,car,0.27,1318.9092,109.38298
0,4,5,bus,0.25,1216.4426,600.1184
1,1,7,truck,0.31,1327.2192,113.495476
1,2,2,car,0.46,1228.5679,634.809
1,3,2,car,0.58,1328.3704,116.581566
2,2,5,bus,0.44,1242.6068,670.2306
2,3,7,truck,0.38,1337.7832,119.05386
3,2,5,bus,0.36,1259.6302,724.22095
3,3,7,truck,0.36,1344.4467,128.56772
4,2,5,bus,0.37,1275.3354,779.69
4,3,7,truck,0.43,1352.823,144.72522
5,2,7,truck,0.49,1294.3804,807.9295
5,3,7,truck,0.47,1360.2285,154.20262
5,8,2,car,0.46,1360.508,154.28249
6,3,2,car,0.61,1366.4746,168.1166
6,11,0,person,0.36,1841.3679,29.318012
7,3,2,car,0.56,1374.2393,176.24823
7,11,0,person,0.4,1841.5868,28.81045
8,3,2,car,0.46,1381.0315,185.42865
8,11,0,person,0.4,1840.3788,28.858322
9,3,2,car,0.46,1391.1437,195.417
9,11,0,person,0.38,1838.8899,29.062948
10,3,2,car,0.57,1400.4988,207.59724
10,11,0,person,0.35,1838.8018,29.227085
11,3,2,car,0.56,1410.4197,220.37839
11,11,0,person,0.32,1839.0435,28.955118
12,3,2,car,0.49,1420.8807,231.11876
12,11,0,person,0.34,1838.9485,28.743952
13,3,2,car,0.47,1432.8951,244.48425
13,11,0,person,0.35,1838.8247,29.922726
14,3,2,car,0.67,1442.3647,260.5227
14,11,0,person,0.32,1838.3203,30.758455
15,3,2,car,0.49,1454.741,276.7711
15,11,0,person,0.4,1836.6672,32.590485
16,3,2,car,0.59,1469.3645,290.042
16,11,0,person,0.37,1837.5942,32.4904
17,3,2,car,0.65,1482.5876,305.91656
17,11,0,person,0.32,1837.8997,32.72694
18,3,2,car,0.68,1496.8713,323.23773
18,11,0,person,0.36,1837.2408,33.14353
19,3,2,car,0.72,1512.3083,339.32962
19,11,0,person,0.39,1836.2065,32.271168
20,3,2,car,0.7,1530.3799,357.26205
20,11,0,person,0.39,1836.0687,32.004284
21,3,2,car,0.73,1549.4911,379.0258
21,11,0,person,0.4,1836.0098,32.462902
22,3,2,car,0.79,1568.4097,402.23526
22,11,0,person,0.5,1834.6255,32.63743
23,3,2,car,0.8,1590.2,428.08734
23,11,0,person,0.49,1834.8616,32.783665
24,3,2,car,0.78,1616.2893,455.82776
24,11,0,person,0.38,1837.1504,33.409702
25,3,2,car,0.72,1644.3245,484.05875
25,11,0,person,0.31,1838.8785,33.331814
26,3,2,car,0.66,1673.1875,519.6405
26,11,0,person,0.28,1839.5923,34.208866
27,3,6,train,0.69,1703.3401,555.17236
27,11,0,person,0.36,1838.7422,35.10394
28,3,2,car,0.58,1723.4995,594.4944
28,11,0,person,0.4,1834.3301,36.777954
29,3,2,car,0.73,1735.6931,637.418
29,11,0,person,0.38,1830.802,38.416965
30,3,2,car,0.84,1750.0022,684.4841
30,11,0,person,0.37,1830.8779,36.93736
31,3,2,car,0.85,1763.8486,733.3026
31,11,0,person,0.41,1831.191,36.547832
32,3,2,car,0.85,1778.4331,781.7378
32,11,0,person,0.45,1829.9481,37.583023
33,3,2,car,0.86,1795.5779,804.3081
33,11,0,person,0.37,1829.2227,37.57772
34,3,2,car,0.85,1815.6882,836.2903
34,11,0,person,0.45,1830.2395,36.434647
35,3,2,car,0.71,1838.1223,864.7673
35,11,0,person,0.47,1830.4192,36.471813
36,3,2,car,0.69,1863.1223,899.46295
36,11,0,person,0.39,1829.592,35.813858
37,11,0,person,0.45,1829.8684,36.632565
38,11,0,person,0.35,1828.4968,36.592808
39,11,0,person,0.29,1828.2625,36.83994
40,11,0,person,0.34,1829.1179,36.959667
41,11,0,person,0.3,1828.5725,37.040867
42,11,0,person,0.34,1827.6552,37.657906
43,11,0,person,0.44,1828.1929,36.93975
44,11,0,person,0.44,1827.945,36.538902
45,11,0,person,0.41,1825.7446,36.5576
46,11,0,person,0.38,1823.1406,37.215916
47,11,0,person,0.47,1820.9232,40.199642
48,11,0,person,0.55,1821.7915,43.576477
49,11,0,person,0.56,1821.9841,43.734932
50,11,0,person,0.58,1823.3009,43.03277
51,11,0,person,0.6,1824.4183,42.808197
52,11,0,person,0.59,1825.3759,43.120693
53,11,0,person,0.57,1825.871,42.94075
54,11,0,person,0.6,1825.6633,42.457428
55,11,0,person,0.62,1825.9305,42.36419
56,11,0,person,0.58,1825.5798,43.586582
57,11,0,person,0.63,1822.797,45.739243
58,11,0,person,0.64,1824.366,44.555172
59,11,0,person,0.64,1823.0203,45.680252
60,11,0,person,0.63,1822.0386,45.170097
61,11,0,person,0.72,1823.9078,44.82178
62,11,0,person,0.71,1824.7955,44.000954
63,11,0,person,0.73,1824.8618,44.449192
64,11,0,person,0.73,1825.0083,44.61535
65,11,0,person,0.73,1824.1775,44.954594
66,11,0,person,0.71,1824.3798,45.713844
67,11,0,person,0.67,1824.4631,45.38952
67,22,2,car,0.34,1882.8923,58.53454
68,11,0,person,0.67,1825.0657,45.7882
68,22,2,car,0.26,1883.0593,59.41823
69,11,0,person,0.67,1825.1267,45.59387
70,11,0,person,0.64,1825.3987,45.567703
70,22,2,car,0.26,1882.8052,60.12216
71,11,0,person,0.67,1825.2592,46.14285
72,11,0,person,0.62,1826.1522,47.004913
72,22,2,car,0.26,1882.3291,61.694668
73,11,0,person,0.63,1826.0115,47.133205
73,22,2,car,0.29,1882.034,61.444565
74,11,0,person,0.73,1825.2764,48.784912
75,11,0,person,0.7,1824.4873,50.51795
76,11,0,person,0.69,1824.1382,53.284714
77,11,0,person,0.64,1823.8699,59.99107
78,11,0,person,0.74,1823.5798,63.967426
79,11,0,person,0.71,1823.252,65.74753
80,11,0,person,0.68,1823.1736,66.20452
81,11,0,person,0.66,1823.3306,66.747574
82,11,0,person,0.65,1821.634,68.05621
83,11,0,person,0.66,1820.19,70.860405
84,11,0,person,0.66,1822.4784,71.2737
85,11,0,person,0.68,1820.8091,74.11189
86,11,0,person,0.71,1821.5956,77.114365
87,11,0,person,0.67,1822.2896,78.39392
88,11,0,person,0.69,1821.9064,79.94156
89,11,0,person,0.69,1824.0696,80.58822
90,11,0,person,0.61,1823.811,82.37704
91,11,0,person,0.59,1823.6658,85.10919
92,11,0,person,0.65,1823.0944,86.087524
93,11,0,person,0.61,1823.355,86.679886
94,11,0,person,0.59,1825.0132,87.420135
94,22,2,car,0.27,1879.1233,98.73782
95,11,0,person,0.58,1825.633,87.343704
96,11,0,person,0.57,1826.2625,88.84177
97,11,0,person,0.51,1825.6818,91.41614
98,11,0,person,0.3,1825.0703,94.03411
99,11,0,person,0.28,1827.7983,99.70448
100,11,0,person,0.46,1827.2605,102.455376
100,22,0,person,0.29,1883.4237,111.34132
101,11,0,person,0.5,1827.1742,104.057274
102,11,0,person,0.47,1826.3114,104.25501
103,11,0,person,0.61,1826.7341,104.20744
104,11,0,person,0.55,1827.761,106.84631
104,28,2,car,0.42,952.7235,20.569439
105,11,0,person,0.56,1826.8965,107.379944
105,28,2,car,0.4,953.4103,21.206392
105,29,2,car,0.55,166.36363,28.654453
106,11,0,person,0.56,1828.9512,109.54726
106,28,2,car,0.34,952.8964,22.762213
106,29,2,car,0.69,167.06628,28.242727
107,11,0,person,0.53,1829.398,110.15083
107,28,2,car,0.46,952.33057,23.571632
107,29,2,car,0.69,167.17099,28.67348
107,31,2,car,0.57,293.06433,34.15421
108,11,0,person,0.54,1830.8062,110.66399
108,28,2,car,0.36,952.7584,23.794472
108,29,2,car,0.58,167.59836,29.204416
108,31,2,car,0.43,295.48645,35.371346
109,11,0,person,0.52,1830.3538,112.22525
109,28,2,car,0.42,953.12646,24.58845
109,29,2,car,0.55,167.55421,29.781874
109,31,2,car,0.48,301.19482,36.22936
110,11,0,person,0.51,1832.0156,113.07956
110,28,2,car,0.44,952.7866,25.820215
110,29,2,car,0.56,168.03929,30.975906
110,31,2,car,0.44,315.66257,35.90421
110,32,0,person,0.58,1820.949,114.06546
111,11,0,person,0.5,1830.7319,113.127235
111,28,2,car,0.44,953.26807,26.937037
111,29,2,car,0.61,168.92131,31.932407
111,31,2,car,0.39,327.5711,34.74344
111,32,0,person,0.62,1820.6252,114.125725
112,11,0,person,0.31,1831.8911,111.42075
112,28,2,car,0.33,952.92773,28.268742
112,29,2,car,0.62,168.48535,32.08155
112,32,0,person,0.6,1820.7532,113.87285
113,11,0,person,0.43,1833.1238,112.740845
113,28,2,car,0.37,952.0892,29.99143
113,29,2,car,0.64,169.39119,32.50453
113,32,0,person,0.56,1820.0735,114.811646
113,31,2,car,0.39,321.01654,35.933784
114,11,0,person,0.36,1837.4431,113.96842
114,28,2,car,0.3,951.37354,31.020704
114,29,2,car,0.6,170.87744,34.64384
114,32,0,person,0.55,1819.3403,115.75005
115,11,0,person,0.33,1840.43,115.485176
115,29,2,car,0.59,171.03127,34.805
115,32,0,person,0.58,1819.5782,116.784134
116,11,0,person,0.33,1837.9976,118.7713
116,29,2,car,0.58,171.07648,34.56095
116,32,0,person,0.46,1820.668,120.22485
116,28,2,car,0.34,952.4603,35.955433
117,11,0,person,0.29,1839.6543,120.295395
117,29,2,car,0.55,171.02467,34.32747
117,32,0,person,0.43,1820.7485,121.7543
117,28,2,car,0.28,952.8613,38.531563
118,11,0,person,0.28,1840.4423,121.012375
118,29,2,car,0.62,171.16898,36.450188
118,32,0,person,0.37,1821.082,122.3172
118,28,2,car,0.26,952.88,42.261852
118,31,2,car,0.27,336.46448,36.139816
119,11,0,person,0.31,1841.6865,122.59774
119,29,2,car,0.65,173.49051,37.87465
119,31,2,car,0.31,340.21582,36.35916
120,11,0,person,0.32,1841.073,124.14902
120,29,2,car,0.64,173.03271,37.95495
120,31,2,car,0.28,340.6558,37.014576
120,32,0,person,0.32,1820.9902,123.44823
120,28,2,car,0.33,951.2561,48.807312
121,11,0,person,0.28,1840.794,124.924255
121,29,2,car,0.65,172.02692,37.994255
121,31,2,car,0.38,340.08282,38.87723
121,32,0,person,0.28,1820.877,123.92833
121,28,2,car,0.35,950.49084,51.23473
122,11,0,person,0.27,1839.6593,125.67827
122,29,2,car,0.65,172.15799,37.813637
122,31,2,car,0.39,341.49365,39.022854
122,32,0,person,0.34,1819.7579,124.589134
122,28,2,car,0.33,951.14,49.661606
122,50,0,person,0.38,1855.376,121.52443
123,29,2,car,0.64,173.93541,38.54197
123,31,2,car,0.37,345.96442,38.105755
123,32,0,person,0.4,1818.3096,125.80184
123,28,2,car,0.42,950.15173,52.635307
123,50,0,person,0.39,1855.2207,121.47652
123,52,2,car,0.33,1048.0808,52.538467
124,29,2,car,0.64,173.87323,39.81219
124,31,2,car,0.4,349.8047,38.176437
124,32,0,person,0.41,1817.646,126.24334
124,28,2,car,0.44,949.2705,54.567707
124,50,0,person,0.39,1855.7638,121.86696
124,52,2,car,0.57,1048.4424,53.309395
125,29,2,car,0.63,173.67952,40.011673
125,31,2,car,0.31,351.91394,36.975357
125,32,0,person,0.27,1817.4473,126.7871
125,28,2,car,0.57,948.45135,57.07779
125,50,0,person,0.26,1857.2183,122.735214
125,52,2,car,0.37,1048.8625,56.381252
125,53,2,car,0.54,1126.9734,29.61448
126,29,2,car,0.62,173.50632,40.383205
126,32,0,person,0.29,1817.1683,126.67191
126,28,2,car,0.57,948.2623,58.807327
126,52,2,car,0.54,1048.8075,57.02366
126,53,2,car,0.45,1127.8127,31.0898
127,29,2,car,0.65,173.84282,40.88675
127,28,2,car,0.55,946.6446,60.367516
127,52,2,car,0.35,1050.4482,60.317047
127,53,2,car,0.31,1130.1305,36.17627
128,29,2,car,0.66,175.22748,41.186382
128,28,2,car,0.41,946.26904,63.023758
128,52,2,car,0.59,1050.9436,60.29452
128,50,0,person,0.29,1858.1196,121.58417
129,29,2,car,0.61,175.5898,41.653004
129,28,2,car,0.46,946.92456,64.30624
129,52,2,car,0.66,1051.3894,61.53167
129,50,0,person,0.31,1858.3274,121.62985
129,32,0,person,0.27,1816.5518,125.92917
129,53,2,car,0.32,1131.4719,39.93257
130,29,2,car,0.65,175.13454,40.671883
130,28,2,car,0.52,946.25635,65.64566
130,52,2,car,0.64,1052.122,63.69844
130,50,0,person,0.35,1857.7305,123.33372
130,32,0,person,0.32,1816.7498,126.1776
130,53,2,car,0.34,1131.9569,42.64953
131,29,2,car,0.63,175.42992,40.671356
131,28,2,car,0.45,946.9809,66.826996
131,52,2,car,0.7,1052.6968,65.65745
131,50,0,person,0.39,1857.5984,123.86872
131,32,0,person,0.28,1817.5549,126.0759
132,29,2,car,0.59,175.88855,40.20534
132,28,2,car,0.46,946.2676,67.87444
132,52,2,car,0.76,1053.0903,67.818924
132,50,0,person,0.41,1857.3955,124.55202
132,32,0,person,0.4,1817.6965,127.07109
133,29,2,car,0.63,175.5404,40.41611
133,28,2,car,0.42,946.155,67.69766
133,52,2,car,0.77,1053.1552,68.975525
133,50,0,person,0.3,1856.6904,123.82209
134,29,2,car,0.6,175.59239,38.924046
134,28,2,car,0.56,945.2531,67.54853
134,52,2,car,0.77,1052.9323,68.74356
134,50,0,person,0.44,1856.4617,122.67124
134,32,0,person,0.38,1819.0111,125.14365
135,29,2,car,0.61,176.2441,38.355644
135,28,2,car,0.6,944.38904,67.19642
135,52,2,car,0.8,1053.2661,69.25582
135,50,0,person,0.29,1856.6804,123.25592
136,29,2,car,0.65,177.25092,37.82018
136,28,2,car,0.53,943.1331,67.711105
136,52,2,car,0.76,1053.858,68.78426
137,29,2,car,0.64,177.28244,38.447327
137,28,2,car,0.46,942.62915,69.02666
137,52,2,car,0.75,1054.9958,69.37555
137,53,2,car,0.4,1139.0405,46.20626
138,29,2,car,0.53,178.10062,37.244637
138,28,2,car,0.52,942.49817,70.87527
138,52,2,car,0.68,1056.0276,70.366425
138,53,2,car,0.49,1141.8754,45.59635
139,29,2,car,0.46,177.29337,35.854416
139,28,2,car,0.46,942.19543,72.642876
139,52,2,car,0.73,1057.1016,70.69527
139,53,2,car,0.37,1144.1187,44.28874
139,68,0,person,0.33,1825.3428,118.57483
140,29,2,car,0.63,177.2404,37.332767
140,28,2,car,0.56,940.17944,73.70234
140,52,2,car,0.78,1056.0911,71.70088
140,53,2,car,0.33,1144.551,45.55126
140,68,0,person,0.34,1824.5789,118.14248
140,69,2,car,0.37,959.4186,19.895107
141,29,2,car,0.42,178.14876,36.427654
141,28,2,car,0.72,940.9088,74.305695
141,52,2,car,0.71,1057.1343,72.4255
141,53,2,car,0.44,1146.96,46.811974
141,68,0,person,0.5,1825.6671,116.84469
141,69,2,car,0.4,959.5201,20.34103
142,29,2,car,0.44,177.88675,35.961742
142,28,2,car,0.62,939.20764,75.08935
142,52,2,car,0.79,1056.3429,74.05244
142,53,2,car,0.32,1147.9674,49.09048
142,68,0,person,0.48,1825.727,116.67967
142,69,2,car,0.41,959.57666,20.269674
143,29,2,car,0.47,177.9418,36.26642
143,28,2,car,0.71,938.36786,76.706245
143,52,2,car,0.7,1056.6906,77.54788
143,53,2,car,0.41,1148.4692,49.731945
143,68,0,person,0.63,1827.6106,115.831726
143,69,2,car,0.43,958.9336,21.24711
144,29,2,car,0.48,178.44852,35.484184
144,28,2,car,0.63,938.73047,78.08628
144,52,2,car,0.76,1057.6079,79.55841
144,53,2,car,0.52,1149.8572,49.41887
144,68,0,person,0.64,1829.218,115.98001
144,69,2,car,0.43,958.7194,22.982046
144,50,0,person,0.39,1863.1648,119.864105
145,29,2,car,0.47,177.82974,35.574844
145,28,2,car,0.59,937.6159,79.89575
145,52,2,car,0.67,1058.1724,81.52824
145,53,2,car,0.71,1150.6594,49.793236
145,68,0,person,0.63,1829.3511,116.331825
145,69,2,car,0.42,957.64087,24.001898
145,50,0,person,0.34,1862.9851,120.23753
146,29,2,car,0.56,178.36697,35.689358
146,28,2,car,0.47,938.69226,81.31595
146,52,2,car,0.68,1058.3752,82.64246
146,53,2,car,0.64,1151.8484,50.65562
146,68,0,person,0.62,1829.2109,116.639084
146,69,2,car,0.37,957.958,23.818468
146,50,0,person,0.48,1862.5847,119.837875
147,29,2,car,0.57,178.87299,33.80995
147,28,2,car,0.62,937.02905,81.79482
147,52,2,car,0.74,1058.847,83.80719
147,53,2,car,0.27,1153.6489,50.422318
147,68,0,person,0.68,1830.4644,115.865814
147,69,2,car,0.26,959.21423,23.2128
147,50,0,person,0.42,1864.2698,118.42758
148,29,2,car,0.64,176.70718,32.888737
148,28,2,car,0.6,935.2725,81.92648
148,52,2,car,0.6,1057.9382,83.784035
148,53,2,car,0.58,1155.1194,48.833733
148,68,0,person,0.63,1830.4688,114.238434
148,69,2,car,0.46,958.67566,22.477924
149,29,2,car,0.47,177.73479,31.151222
149,28,2,car,0.66,934.4426,83.62634
149,52,2,car,0.67,1058.3481,84.239
149,53,2,car,0.62,1156.7125,49.057343
149,68,0,person,0.55,1830.3542,115.10819
149,69,2,car,0.43,958.8895,22.803638
150,29,2,car,0.42,177.92264,30.569096
150,28,2,car,0.63,933.77234,84.7297
150,52,2,car,0.58,1058.9872,84.87379
150,53,2,car,0.55,1158.4962,49.89543
150,68,0,person,0.55,1829.7219,114.49388
150,69,2,car,0.48,958.04565,23.720087
150,50,0,person,0.32,1863.8063,113.07573
151,29,2,car,0.41,177.54385,30.413187
151,28,2,car,0.64,932.13196,86.36773
151,52,2,car,0.62,1059.3087,85.99715
151,53,2,car,0.48,1159.6694,51.333885
151,68,0,person,0.57,1829.6172,114.14789
151,69,2,car,0.45,956.9595,24.35274
151,50,0,person,0.32,1863.4169,112.85269
152,29,2,car,0.43,177.33559,30.130327
152,28,2,car,0.64,929.9617,88.776505
152,52,2,car,0.66,1061.0857,86.9873
152,53,2,car,0.5,1160.9739,52.263474
152,68,0,person,0.56,1830.4614,113.289
152,69,2,car,0.45,956.48804,24.014585
152,50,0,person,0.29,1863.6362,112.733444
153,29,2,car,0.4,177.14017,30.203777
153,28,2,car,0.7,929.92065,90.6128
153,52,2,car,0.62,1061.9309,88.920456
153,53,2,car,0.41,1162.2666,52.184067
153,68,0,person,0.52,1830.8511,111.60158
153,69,2,car,0.4,956.13995,23.948954
154,29,2,car,0.41,177.35529,29.959702
154,28,2,car,0.69,929.2613,92.98142
154,52,2,car,0.73,1063.2388,90.83234
154,53,2,car,0.28,1162.8201,49.93503
154,68,0,person,0.58,1831.281,110.427124
154,69,2,car,0.34,955.83234,23.651443
155,29,2,car,0.41,178.1222,30.293934
155,28,2,car,0.7,929.9783,94.30932
155,52,2,car,0.75,1063.1713,92.67219
155,53,2,car,0.33,1164.0596,55.002167
155,68,0,person,0.55,1831.0541,111.26805
155,69,2,car,0.46,955.6129,24.641535
155,50,0,person,0.25,1861.3782,110.99815
156,29,2,car,0.42,177.92094,30.20559
156,28,2,car,0.71,928.18,96.16971
156,52,2,car,0.7,1062.5311,94.60849
156,53,2,car,0.46,1164.9485,58.77546
156,68,0,person,0.59,1831.1307,109.829056
156,69,2,car,0.46,955.37354,25.66577
156,50,0,person,0.3,1862.0392,108.872185
157,29,2,car,0.58,178.04266,30.194416
157,28,2,car,0.69,929.8222,97.88294
157,52,2,car,0.72,1063.9878,96.61451
157,53,2,car,0.56,1166.3392,59.600758
157,68,0,person,0.58,1832.0138,108.03833
157,69,2,car,0.46,955.32275,26.162186
158,29,2,car,0.53,178.01364,31.227957
158,28,2,car,0.66,930.16315,96.93459
158,52,2,car,0.75,1063.5283,99.150986
158,53,2,car,0.39,1167.5182,60.568027
158,68,0,person,0.56,1832.7034,106.680244
158,69,2,car,0.45,955.08215,26.860767
159,29,2,car,0.35,178.24509,31.091297
159,28,2,car,0.64,926.8154,101.46042
159,52,2,car,0.69,1061.9275,101.197556
159,53,2,car,0.52,1168.2964,63.451405
159,68,0,person,0.48,1832.6794,105.10993
159,69,2,car,0.57,954.8342,27.283401
160,29,2,car,0.46,178.55301,31.128447
160,28,2,car,0.66,925.88403,103.859245
160,52,2,car,0.81,1063.7817,103.73445
160,68,0,person,0.48,1833.4192,103.829155
160,69,2,car,0.5,954.9094,27.862814
161,29,2,car,0.57,177.25618,30.502008
161,28,2,car,0.67,922.1127,106.35515
161,52,2,car,0.66,1063.6743,106.118355
161,68,0,person,0.48,1833.1901,102.95797
161,69,2,car,0.4,955.06146,28.2873
162,29,2,car,0.57,177.74484,29.697048
162,28,2,car,0.67,922.9015,108.16202
162,52,2,car,0.72,1064.9149,107.72862
162,68,0,person,0.5,1832.9199,103.68674
162,69,2,car,0.45,955.36096,28.38362
162,81,2,car,0.36,1131.3561,17.410526
163,29,2,car,0.57,177.79607,29.555656
163,28,2,car,0.73,921.83813,109.654465
163,52,2,car,0.8,1064.8127,109.513565
163,68,0,person,0.51,1832.5674,102.867195
163,69,2,car,0.55,954.8818,28.453405
163,81,2,car,0.35,1131.8167,17.73283
163,53,2,car,0.34,1175.5774,68.12977
164,29,2,car,0.54,177.90158,29.593695
164,28,2,car,0.72,921.5914,112.71161
164,52,2,car,0.7,1064.7737,112.1709
164,68,0,person,0.5,1832.6646,103.2746
164,69,2,car,0.44,955.42505,29.482885
164,81,2,car,0.3,1133.2251,18.17567
164,53,2,car,0.33,1177.4302,69.78652
165,29,2,car,0.53,177.4401,29.808334
165,28,2,car,0.69,921.73914,115.513504
165,52,2,car,0.76,1065.0486,115.073425
165,68,0,person,0.5,1832.2058,102.3575
165,69,2,car,0.56,954.58997,30.146048
165,81,2,car,0.36,1134.7888,18.480639
165,53,2,car,0.4,1178.3022,71.00405
165,50,0,person,0.28,1859.9092,103.99421
166,29,2,car,0.61,177.33423,29.337715
166,28,2,car,0.76,920.2522,118.357834
166,52,2,car,0.82,1066.2485,117.33802
166,68,0,person,0.52,1832.4998,102.13996
166,69,2,car,0.51,954.6299,30.554731
166,81,2,car,0.33,1135.9636,17.988419
167,29,2,car,0.61,177.4035,29.439726
167,28,2,car,0.77,920.33344,121.37958
167,52,2,car,0.81,1066.6238,120.03315
167,68,0,person,0.45,1832.859,101.34167
167,69,2,car,0.52,954.37976,31.25291
167,81,2,car,0.36,1137.2246,18.60769
168,29,2,car,0.54,178.21109,29.54136
168,28,2,car,0.75,920.57764,123.80021
168,52,2,car,0.74,1066.9292,122.998535
168,68,0,person,0.42,1833.5137,100.994
168,69,2,car,0.5,953.53937,31.980713
168,81,2,car,0.33,1137.866,19.37922
169,29,2,car,0.52,178.47278,29.561323
169,28,2,car,0.62,917.1247,127.026215
169,52,2,car,0.81,1067.3403,125.924934
169,68,0,person,0.46,1834.196,100.35922
169,69,2,car,0.52,953.47534,32.550117
169,81,2,car,0.29,1138.1042,19.94294
169,53,2,car,0.29,1187.887,80.26227
170,29,2,car,0.58,177.41026,29.55433
170,28,2,car,0.58,915.4548,128.94164
170,52,2,car,0.79,1068.5762,128.41843
170,68,0,person,0.48,1834.2461,99.82642
170,69,2,car,0.57,952.93835,33.180676
170,83,0,person,0.35,1840.8611,102.84857
170,53,2,car,0.29,1189.1589,82.80997
171,29,2,car,0.58,178.06264,29.369385
171,28,2,car,0.61,913.5008,134.16438
171,52,2,car,0.78,1069.5221,131.63348
171,68,0,person,0.4,1834.3953,100.186646
171,69,2,car,0.43,953.04663,34.159542
171,53,2,car,0.34,1191.3054,84.75848
171,81,2,car,0.29,1141.1271,21.755398
172,29,2,car,0.57,178.1044,29.554031
172,28,2,car,0.61,913.4396,137.47388
172,52,2,car,0.77,1070.4509,134.32083
172,68,0,person,0.49,1833.7509,100.087585
172,69,2,car,0.49,952.44446,35.243908
172,53,2,car,0.37,1192.1814,86.5531
172,81,2,car,0.33,1141.5996,23.107655
172,83,0,person,0.34,1839.5486,102.1454
173,29,2,car,0.61,178.65381,29.275627
173,28,2,car,0.67,913.6959,139.65826
173,52,2,car,0.78,1071.0658,137.83986
173,68,0,person,0.4,1834.0662,99.80136
173,69,2,car,0.37,952.7964,35.713894
173,53,2,car,0.35,1193.742,88.57913
174,29,2,car,0.65,179.67361,29.105108
174,28,2,car,0.7,910.5549,143.55035
174,52,2,car,0.74,1072.0645,141.7345
174,68,0,person,0.37,1833.3867,100.922806
174,69,2,car,0.33,952.14496,37.062717
174,53,2,car,0.47,1196.7512,91.93076
174,81,2,car,0.32,1144.009,25.278488
175,29,2,car,0.6,179.31543,29.378454
175,28,2,car,0.71,908.6931,147.95508
175,52,2,car,0.76,1072.0273,145.7062
175,68,0,person,0.53,1833.5745,100.12106
175,69,2,car,0.27,951.87933,37.483345
175,86,2,car,0.43,1050.4329,63.221344
175,50,0,person,0.27,1859.2728,101.364174
175,83,0,person,0.4,1840.6257,101.37044
176,29,2,car,0.64,179.10999,28.999804
176,28,2,car,0.68,906.7178,152.12009
176,52,2,car,0.75,1071.9453,149.76576
176,68,0,person,0.52,1833.5573,100.34398
176,83,0,person,0.38,1840.5312,101.21723
176,53,2,car,0.32,1199.5771,97.7068
177,29,2,car,0.53,179.48987,29.006275
177,28,2,car,0.67,907.9651,156.38268
177,52,2,car,0.8,1073.1292,152.99179
177,68,0,person,0.42,1833.2766,101.48636
177,83,0,person,0.25,1841.1406,103.746895
177,53,2,car,0.31,1202.8977,99.71548
177,81,2,car,0.27,1147.1978,26.29303
177,69,2,car,0.34,951.73193,45.936012
177,86,2,car,0.29,1049.9297,66.11525
178,29,2,car,0.58,179.30496,29.174183
178,28,2,car,0.66,907.6118,159.32103
178,52,2,car,0.86,1073.4111,156.31647
178,68,0,person,0.54,1833.4808,101.34916
178,83,0,person,0.38,1840.8774,102.519516
178,53,2,car,0.28,1205.8113,101.31498
178,81,2,car,0.3,1148.4509,27.337214
178,69,2,car,0.42,950.1271,48.829956
178,86,2,car,0.32,1051.1628,67.79893
179,29,2,car,0.65,178.74744,28.984568
179,28,2,car,0.64,907.8052,161.49258
179,52,2,car,0.82,1074.6338,160.82352
179,68,0,person,0.57,1833.4019,100.920944
179,83,0,person,0.44,1840.4182,102.13709
179,53,2,car,0.42,1209.4148,103.91972
179,81,2,car,0.32,1149.4131,27.760101
179,69,2,car,0.4,949.1,47.341217
179,86,2,car,0.29,1050.9935,69.64842
180,29,2,car,0.56,179.25728,29.316751
180,28,2,car,0.58,906.1789,167.24826
180,52,2,car,0.81,1076.3926,164.2521
180,68,0,person,0.49,1833.0688,99.72485
180,83,0,person,0.41,1840.4412,100.065216
180,53,2,car,0.31,1212.0535,107.97366
180,81,2,car,0.36,1150.0703,28.21179
180,69,2,car,0.52,948.14026,49.00791
180,86,2,car,0.34,1050.7013,71.45916
180,50,0,person,0.27,1857.1602,99.89371
181,29,2,car,0.55,179.07349,30.820324
181,28,2,car,0.76,903.364,172.76219
181,52,2,car,0.83,1077.4015,168.55872
181,68,0,person,0.55,1832.9293,100.37677
181,83,0,person,0.43,1840.9238,100.71586
181,53,2,car,0.46,1215.0826,111.57594
181,81,2,car,0.45,1151.2332,28.67749
181,69,2,car,0.51,947.7417,51.098335
181,86,2,car,0.41,1051.804,72.82926
181,50,0,person,0.29,1857.8215,100.5976
182,29,2,car,0.54,180.72897,30.418482
182,28,2,car,0.58,901.16626,178.51779
182,52,2,car,0.83,1078.2737,171.81436
182,68,0,person,0.5,1833.2611,101.69928
182,83,0,person,0.39,1841.5571,102.37495
182,53,2,car,0.49,1216.6873,114.86421
182,81,2,car,0.46,1152.7716,28.913624
182,69,2,car,0.55,948.48956,52.15938
182,86,2,car,0.32,1052.9846,73.31357
183,29,2,car,0.56,181.13963,31.489264
183,28,2,car,0.77,898.49585,183.50443
183,52,2,car,0.85,1078.1377,176.40808
183,68,0,person,0.54,1832.8539,101.11464
183,83,0,person,0.43,1839.8975,101.4108
183,53,2,car,0.66,1218.6467,118.41585
183,81,2,car,0.46,1152.8833,30.600254
183,69,2,car,0.59,947.4103,54.271053
183,86,2,car,0.3,1052.5902,76.74524
183,50,0,person,0.29,1858.1724,102.04131
184,29,2,car,0.54,181.78122,30.97354
184,28,2,car,0.64,896.27124,187.70471
184,52,2,car,0.76,1078.7466,180.77893
184,68,0,person,0.39,1833.5665,102.98816
184,83,0,person,0.3,1842.1138,105.149605
184,53,2,car,0.59,1221.3878,120.96393
184,81,2,car,0.31,1153.9279,36.887012
184,69,2,car,0.52,947.4139,57.255295
184,86,2,car,0.45,1052.933,79.74918
185,29,2,car,0.56,182.00323,31.537987
185,28,2,car,0.69,894.0653,192.14648
185,52,2,car,0.75,1080.208,184.37099
185,68,0,person,0.36,1833.612,103.88035
185,83,0,person,0.29,1843.0435,107.05386
185,53,2,car,0.4,1224.4751,124.06982
185,69,2,car,0.58,947.198,59.12203
185,86,2,car,0.54,1052.6931,81.12189
186,29,2,car,0.62,181.24031,32.32379
186,28,2,car,0.75,893.2009,197.55453
186,52,2,car,0.78,1080.1212,189.5068
186,68,0,person,0.47,1833.5662,101.88492
186,83,0,person,0.38,1842.7961,104.57713
186,53,2,car,0.56,1226.6871,126.48909
186,69,2,car,0.45,947.5011,59.92676
186,50,0,person,0.25,1856.1292,103.2486
186,81,2,car,0.26,1155.9996,35.397564
187,29,2,car,0.58,181.8963,31.657274
187,28,2,car,0.76,891.5526,202.06197
187,52,2,car,0.8,1081.3423,194.97055
187,68,0,person,0.47,1834.5797,101.044525
187,83,0,person,0.42,1843.6006,103.26178
187,53,2,car,0.49,1228.1792,128.06648
187,69,2,car,0.61,946.5875,61.35424
187,50,0,person,0.28,1855.4084,102.51686
187,81,2,car,0.27,1157.4244,35.804672
187,86,2,car,0.42,1053.8793,83.38652
188,29,2,car,0.56,181.17084,31.553122
188,28,2,car,0.67,889.80225,205.30498
188,52,2,car,0.79,1082.4902,200.1187
188,68,0,person,0.44,1835.3687,100.839584
188,83,0,person,0.38,1844.1581,103.04745
188,53,2,car,0.56,1231.6528,131.31879
188,69,2,car,0.57,945.5477,62.294754
188,81,2,car,0.29,1158.0171,35.060303
188,86,2,car,0.39,1054.3687,83.58859
189,29,2,car,0.6,181.06998,31.845
189,28,2,car,0.75,888.16174,212.71294
189,52,2,car,0.83,1083.2632,205.28644
189,68,0,person,0.46,1835.1766,100.81957
189,83,0,person,0.41,1843.1648,102.8044
189,53,2,car,0.73,1235.2981,135.266
189,69,2,car,0.61,945.3219,62.969147
189,81,2,car,0.47,1159.3787,39.294876
189,50,0,person,0.27,1855.0796,102.190475
190,29,2,car,0.59,181.71698,32.68607
190,28,2,car,0.61,886.8547,218.45697
190,52,2,car,0.81,1084.4236,210.75294
190,68,0,person,0.53,1836.4161,101.67478
190,83,0,person,0.46,1843.9021,103.54775
190,53,2,car,0.77,1238.5212,140.03896
190,69,2,car,0.46,945.80444,64.21094
190,81,2,car,0.39,1161.0284,44.313286
190,50,0,person,0.32,1855.1843,103.03522
191,29,2,car,0.62,181.31834,33.45143
191,28,2,car,0.66,883.36926,225.02983
191,52,2,car,0.78,1085.8052,216.32666
191,68,0,person,0.49,1836.1448,101.64945
191,83,0,person,0.42,1843.8247,103.501465
191,53,2,car,0.59,1242.3362,143.68477
191,69,2,car,0.37,944.0386,66.117935
191,81,2,car,0.43,1163.3103,47.132317
191,50,0,person,0.26,1854.901,102.851974
191,86,2,car,0.33,1054.8052,93.45836
192,29,2,car,0.63,181.68307,33.653717
192,28,2,car,0.69,881.55347,231.09412
192,52,2,car,0.77,1087.3093,221.86304
192,68,0,person,0.41,1836.8362,103.5768
192,83,0,person,0.3,1843.8223,106.6687
192,53,2,car,0.59,1245.5161,148.88963
192,69,2,car,0.54,943.40173,69.29677
192,81,2,car,0.49,1164.7535,50.43326
192,86,2,car,0.42,1054.6638,96.358055
193,29,2,car,0.53,181.22935,32.46688
193,28,2,car,0.73,879.0155,237.80031
193,52,2,car,0.73,1089.9376,226.67635
193,68,0,person,0.48,1837.7751,103.179825
193,83,0,person,0.4,1843.9578,107.096634
193,53,2,car,0.63,1247.5598,151.80933
193,69,2,car,0.51,942.9163,72.689644
193,81,2,car,0.42,1166.4976,49.915646
193,86,2,car,0.39,1053.3696,97.323166
194,29,2,car,0.59,181.27187,32.553654
194,28,2,car,0.8,877.23804,243.36488
194,52,2,car,0.77,1092.0823,231.78484
194,68,0,person,0.4,1837.853,103.0331
194,83,0,person,0.34,1843.8594,107.5224
194,53,2,car,0.64,1250.974,156.82083
194,69,2,car,0.59,941.70654,74.54425
194,81,2,car,0.45,1168.2964,50.98359
194,86,2,car,0.63,1054.8076,98.68397
194,95,2,car,0.37,1044.0662,28.148905
195,29,2,car,0.55,182.38185,31.340311
195,28,2,car,0.77,874.66986,252.18265
195,52,2,car,0.85,1093.3058,237.50345
195,68,0,person,0.4,1838.2697,103.36439
195,83,0,person,0.32,1844.208,108.05319
195,53,2,car,0.66,1255.975,159.9872
195,69,2,car,0.67,940.9962,75.519775
195,81,2,car,0.58,1169.7264,53.596535
195,86,2,car,0.59,1057.2491,101.27438
195,95,2,car,0.29,1044.8735,28.74642
195,96,2,car,0.33,1045.6003,98.22317
196,29,2,car,0.54,182.46927,31.297693
196,28,2,car,0.74,873.17395,258.54132
196,52,2,car,0.84,1094.1097,244.24185
196,68,0,person,0.44,1838.3705,103.45061
196,83,0,person,0.36,1843.9669,107.568436
196,53,2,car,0.76,1259.9722,162.93442
196,69,2,car,0.66,941.3754,77.39163
196,81,2,car,0.69,1170.2474,55.047142
196,86,2,car,0.54,1058.3163,103.81801
196,95,2,car,0.31,1046.0109,29.765957
197,29,2,car,0.5,182.80496,31.083818
197,28,2,car,0.71,869.5525,265.4196
197,52,2,car,0.8,1095.4617,249.69391
197,68,0,person,0.47,1838.7557,103.26451
197,83,0,person,0.43,1844.2739,106.12114
197,53,2,car,0.67,1262.7197,166.59499
197,69,2,car,0.66,939.6956,78.226074
197,81,2,car,0.74,1171.3961,55.71016
197,86,2,car,0.51,1058.2136,104.84309
197,95,2,car,0.3,1045.8271,29.47414
197,50,0,person,0.31,1858.2048,103.135635
198,29,2,car,0.55,183.65527,30.456284
198,28,2,car,0.76,865.76904,272.9057
198,52,2,car,0.78,1096.9612,255.27051
198,68,0,person,0.46,1839.1829,103.05469
198,83,0,person,0.46,1844.7407,105.77916
198,53,2,car,0.7,1266.2161,171.0667
198,69,2,car,0.67,939.7861,79.557915
198,81,2,car,0.64,1172.6375,56.984406
198,86,2,car,0.62,1058.6975,109.05879
198,95,2,car,0.33,1046.3658,30.085102
198,50,0,person,0.33,1858.0723,103.21346
199,29,2,car,0.56,183.98424,30.34583
199,28,2,car,0.74,863.06335,279.8238
199,52,2,car,0.79,1098.3207,262.14325
199,68,0,person,0.46,1839.7925,102.38432
199,53,2,car,0.67,1270.3995,176.18683
199,69,2,car,0.72,939.1161,80.420746
199,81,2,car,0.64,1173.9022,57.680977
199,86,2,car,0.72,1059.7083,112.31658
199,95,2,car,0.28,1047.2814,32.242317
199,50,0,person,0.31,1858.258,103.09978
200,29,2,car,0.53,183.12201,31.072012
200,28,2,car,0.71,860.8666,287.68124
200,52,2,car,0.77,1099.5227,268.3325
200,68,0,person,0.48,1840.4766,102.01186
200,53,2,car,0.63,1273.9407,179.59323
200,69,2,car,0.7,938.7493,81.801636
200,81,2,car,0.63,1175.2524,58.186157
200,86,2,car,0.68,1061.0586,115.180115
200,95,2,car,0.26,1046.6045,35.060154
200,50,0,person,0.31,1858.584,102.602554
201,29,2,car,0.52,182.79755,31.216581
201,28,2,car,0.7,857.50836,295.276
201,52,2,car,0.8,1101.0105,276.33878
201,68,0,person,0.48,1840.7283,101.76886
201,53,2,car,0.65,1278.654,185.50769
201,69,2,car,0.64,938.39087,82.39508
201,81,2,car,0.56,1176.6321,60.07159
201,86,2,car,0.71,1061.5635,117.86766
201,95,2,car,0.34,1046.9105,36.185364
201,50,0,person,0.31,1858.2844,102.47971
202,29,2,car,0.61,180.52621,32.680416
202,28,2,car,0.57,854.54346,304.6933
202,52,2,car,0.75,1104.0149,282.01334
202,68,0,person,0.28,1839.9116,100.73308
202,53,2,car,0.74,1283.435,190.09607
202,69,2,car,0.61,936.87335,83.85645
202,81,2,car,0.47,1177.7896,60.61086
202,86,2,car,0.7,1061.324,119.56821
202,95,2,car,0.29,1046.1188,36.276226
203,29,2,car,0.59,181.01349,31.515703
203,28,2,car,0.53,850.83704,313.04944
203,52,2,car,0.77,1106.0161,290.83856
203,68,0,person,0.44,1840.0337,100.92334
203,53,2,car,0.65,1287.9242,195.47968
203,69,2,car,0.61,935.85046,87.469124
203,81,2,car,0.37,1180.447,62.49182
203,86,2,car,0.66,1062.0037,121.793365
203,83,0,person,0.34,1845.7009,102.258835
204,29,2,car,0.57,181.73842,32.327618
204,28,2,car,0.57,848.2433,323.87805
204,52,2,car,0.78,1106.9282,298.64447
204,68,0,person,0.35,1839.4597,100.170364
204,53,2,car,0.65,1293.3257,200.39713
204,69,2,car,0.62,935.43384,88.27782
204,81,2,car,0.6,1183.9954,64.69754
204,86,2,car,0.57,1063.2771,125.57977
204,83,0,person,0.25,1845.3467,102.303215
205,29,2,car,0.58,180.90839,32.909504
205,28,2,car,0.6,843.5852,334.739
205,52,2,car,0.75,1108.5878,307.30777
205,68,0,person,0.37,1839.3696,101.22775
205,53,2,car,0.66,1298.0426,204.3903
205,69,2,car,0.59,935.55347,91.439995
205,81,2,car,0.55,1184.9934,66.18391
205,86,2,car,0.61,1063.9651,128.33736
206,29,2,car,0.55,181.20145,32.536
206,28,2,car,0.6,840.16675,344.97876
206,52,2,car,0.71,1111.4297,316.5396
206,68,0,person,0.38,1839.3235,102.077255
206,53,2,car,0.63,1302.7843,208.84476
206,69,2,car,0.63,934.6168,93.34056
206,81,2,car,0.63,1186.5542,68.35033
206,86,2,car,0.62,1063.4283,130.1266
206,99,7,truck,0.55,1301.5688,209.17006
206,83,0,person,0.32,1844.6948,102.620224
207,29,2,car,0.55,182.69319,31.327705
207,28,2,car,0.66,835.4358,354.8372
207,52,2,car,0.74,1114.6763,324.44864
207,68,0,person,0.34,1838.8972,101.998886
207,53,2,car,0.49,1308.2048,214.83154
207,69,2,car,0.64,934.0493,95.134926
207,81,2,car,0.63,1188.3777,70.46451
207,86,2,car,0.73,1064.3618,133.21275
207,99,7,truck,0.48,1305.8926,215.29529
207,83,0,person,0.28,1844.439,102.55247
208,29,2,car,0.51,183.16675,31.337141
208,28,2,car,0.73,831.4265,366.15912
208,52,2,car,0.72,1115.9817,334.36737
208,68,0,person,0.33,1838.7915,101.68384
208,53,2,car,0.7,1314.0183,219.49957
208,69,2,car,0.67,933.1764,97.74125
208,81,2,car,0.65,1190.042,72.5264
208,86,2,car,0.71,1066.0264,136.07063
208,99,7,truck,0.38,1313.0916,219.96764
208,83,0,person,0.26,1844.6604,102.10394
209,29,2,car,0.57,183.4651,31.471972
209,28,2,car,0.65,828.21924,378.85782
209,52,2,car,0.71,1119.5093,344.64453
209,68,0,person,0.36,1838.6929,101.875916
209,53,7,truck,0.46,1318.5933,227.66837
209,69,2,car,0.64,931.3693,99.85076
209,81,2,car,0.69,1190.5508,74.61273
209,86,2,car,0.5,1065.759,138.37355
209,99,2,car,0.62,1318.5034,228.27876
209,83,0,person,0.3,1844.7212,102.23358
210,29,2,car,0.58,183.22949,30.762255
210,28,2,car,0.58,823.5654,390.0166
210,52,2,car,0.69,1121.9329,355.89758
210,68,0,person,0.34,1839.8573,102.58751
210,53,7,truck,0.48,1324.8538,234.38962
210,69,2,car,0.7,931.64276,102.98967
210,81,2,car,0.69,1192.6902,76.578476
210,86,2,car,0.55,1068.0305,141.72185
210,99,2,car,0.58,1325.4656,235.02933
211,29,2,car,0.61,182.71368,29.610174
211,28,2,car,0.62,819.0509,405.08783
211,52,2,car,0.8,1124.4932,367.99762
211,53,7,truck,0.53,1332.0812,239.39938
211,69,2,car,0.69,931.1522,103.157585
211,81,2,car,0.62,1196.2759,77.533966
211,86,2,car,0.69,1069.9668,143.44463
211,99,2,car,0.64,1333.0469,239.8655
211,83,0,person,0.36,1844.4497,104.49534
212,29,2,car,0.59,182.16803,28.947367
212,28,2,car,0.63,813.8401,419.5595
212,52,2,car,0.75,1127.4602,378.67087
212,53,2,car,0.53,1339.1354,247.67236
212,69,2,car,0.6,930.90076,104.43096
212,81,2,car,0.65,1199.4421,80.58184
212,86,2,car,0.69,1069.8262,145.6502
212,99,7,truck,0.55,1339.2948,246.87479
212,95,2,car,0.32,1042.5269,50.964035
212,68,0,person,0.37,1841.2158,103.651505
213,29,2,car,0.56,183.13913,29.112597
213,28,2,car,0.77,808.08203,434.03644
213,52,2,car,0.73,1130.9434,391.1274
213,53,2,car,0.52,1345.3945,254.34042
213,69,2,car,0.68,930.0779,107.45646
213,81,2,car,0.77,1201.9728,82.66118
213,86,2,car,0.69,1070.7817,149.77565
213,99,7,truck,0.43,1345.8363,254.36926
213,95,2,car,0.33,1045.76,52.235596
213,83,0,person,0.32,1842.4751,103.35521
214,29,2,car,0.56,183.25969,29.59448
214,28,2,car,0.71,802.8094,450.0533
214,52,2,car,0.8,1134.0859,404.01312
214,53,2,car,0.5,1352.938,261.95657
214,69,2,car,0.59,929.5582,110.19563
214,81,2,car,0.78,1204.0476,84.41484
214,86,2,car,0.76,1072.4568,153.17719
214,99,7,truck,0.56,1353.4393,261.88547
214,95,2,car,0.31,1050.4135,53.302235
214,68,0,person,0.3,1840.6228,103.47605
215,29,2,car,0.53,182.50072,30.773779
215,28,2,car,0.72,796.1468,467.1407
215,52,2,car,0.75,1137.661,416.62827
215,53,2,car,0.46,1360.3403,270.2379
215,69,2,car,0.7,929.35583,112.68013
215,81,2,car,0.77,1205.5157,85.177505
215,86,2,car,0.7,1073.521,157.35779
215,99,7,truck,0.53,1361.1846,270.61282
215,95,2,car,0.39,1052.5646,54.453003
215,68,0,person,0.39,1841.2355,103.3748
216,29,2,car,0.61,181.76793,30.012255
216,28,2,car,0.81,787.1738,483.8259
216,52,2,car,0.79,1142.1204,430.90015
216,53,2,car,0.48,1367.7554,276.18634
216,69,2,car,0.73,927.857,116.35017
216,81,2,car,0.78,1207.842,87.51971
216,86,2,car,0.5,1074.233,161.86943
216,99,7,truck,0.48,1368.6237,276.9286
216,95,2,car,0.54,1051.9641,57.239193
216,68,0,person,0.39,1843.676,104.70247
217,29,2,car,0.51,182.19316,31.28359
217,28,2,car,0.69,780.125,504.5802
217,52,2,car,0.75,1148.2026,445.97586
217,53,7,truck,0.48,1374.9277,284.23734
217,69,2,car,0.73,927.2054,118.90966
217,81,2,car,0.74,1209.8557,89.23158
217,86,2,car,0.62,1076.1912,165.508
217,99,2,car,0.54,1375.6013,284.27887
217,95,2,car,0.53,1051.1404,58.87895
217,68,0,person,0.36,1843.5499,102.64556
218,29,2,car,0.51,182.66212,31.572447
218,28,2,car,0.75,773.28174,526.89185
218,52,2,car,0.84,1151.7335,461.3756
218,53,2,car,0.37,1382.4813,291.95163
218,69,2,car,0.71,926.0336,122.04263
218,81,2,car,0.76,1211.9253,91.33285
218,86,2,car,0.72,1075.3698,170.20538
218,99,7,truck,0.56,1383.9131,292.64844
218,95,2,car,0.5,1048.4291,60.30725
218,68,0,person,0.41,1841.3918,103.13398
218,103,2,car,0.4,1134.2031,16.330181
219,29,2,car,0.52,182.42998,31.350061
219,28,2,car,0.77,766.2461,549.84106
219,52,2,car,0.8,1156.5015,476.87573
219,69,2,car,0.74,925.7115,125.05302
219,81,2,car,0.74,1213.4124,93.84584
219,86,2,car,0.62,1075.7332,173.8555
219,95,2,car,0.52,1047.6211,60.94377
219,68,0,person,0.33,1840.4424,102.44614
219,103,2,car,0.39,1135.3701,18.096785
220,29,2,car,0.51,182.31686,31.357298
220,28,2,car,0.48,758.0638,574.5091
220,52,2,car,0.81,1162.3499,493.89612
220,69,2,car,0.77,924.8439,127.57082
220,81,2,car,0.7,1215.3613,95.847305
220,86,2,car,0.52,1077.4276,177.67969
220,95,2,car,0.37,1050.1116,63.38507
220,68,0,person,0.33,1841.7725,101.63366
220,103,2,car,0.36,1136.9849,18.371906
220,53,2,car,0.58,1400.3658,311.0462
221,29,2,car,0.55,182.29555,30.918715
221,28,2,car,0.51,748.7026,600.4048
221,52,2,car,0.77,1165.8823,512.5822
221,69,2,car,0.76,923.5569,128.93681
221,81,2,car,0.71,1217.115,98.46385
221,86,2,car,0.72,1077.4775,181.24454
221,95,2,car,0.38,1050.3333,64.515625
221,68,0,person,0.31,1842.157,100.780754
221,103,2,car,0.4,1137.6768,18.965813
221,105,2,car,0.45,1410.7665,322.0414
221,53,7,truck,0.5,1410.9128,321.9798
222,29,2,car,0.53,182.71237,30.56617
222,28,2,car,0.75,737.7432,629.4429
222,52,2,car,0.86,1171.9114,532.584
222,69,2,car,0.77,922.114,132.22333
222,81,2,car,0.66,1218.9814,101.47761
222,86,2,car,0.57,1077.992,187.1579
222,95,2,car,0.32,1050.6592,67.21153
222,68,0,person,0.38,1841.3997,98.41521
222,103,2,car,0.29,1138.1937,20.097565
222,53,2,car,0.62,1420.7194,331.72064
223,29,2,car,0.54,183.5272,30.1926
223,28,2,car,0.82,727.3605,656.6665
223,52,2,car,0.83,1178.8247,552.9356
223,69,2,car,0.76,920.5908,137.49504
223,81,2,car,0.52,1221.6367,103.77048
223,86,2,car,0.72,1079.1077,191.58896
223,95,2,car,0.39,1053.4902,70.00943
223,68,0,person,0.33,1841.8479,98.94294
223,103,2,car,0.26,1139.9546,20.444149
223,53,2,car,0.49,1430.403,344.2208
224,29,2,car,0.53,182.73236,30.648502
224,28,2,car,0.75,713.5988,686.7863
224,52,2,car,0.79,1186.0332,576.9635
224,69,2,car,0.75,920.10254,140.79475
224,81,2,car,0.64,1224.6951,105.926025
224,86,2,car,0.8,1079.0066,195.10861
224,95,2,car,0.33,1045.8143,70.22922
224,68,0,person,0.34,1842.3762,99.20286
224,103,2,car,0.39,1141.9758,20.358135
224,53,2,car,0.49,1442.1744,355.73346
224,105,7,truck,0.4,1442.6714,356.6526
225,29,2,car,0.53,182.5755,31.157885
225,28,2,car,0.84,701.6045,727.1254
225,52,2,car,0.75,1193.47,599.8413
225,69,2,car,0.69,919.0218,142.44496
225,81,2,car,0.65,1227.4523,108.68522
225,86,2,car,0.8,1080.648,200.55386
225,95,2,car,0.38,1048.7194,72.95072
225,68,0,person,0.35,1842.5474,99.52478
225,103,2,car,0.33,1144.7681,22.040478
226,29,2,car,0.54,182.4728,31.356297
226,28,2,car,0.9,688.4617,770.22595
226,52,2,car,0.76,1201.2393,627.5906
226,69,2,car,0.77,917.1362,145.21228
226,81,2,car,0.72,1230.4927,112.88782
226,86,2,car,0.62,1081.7097,206.86496
226,95,2,car,0.53,1052.9691,74.49408
226,68,0,person,0.33,1842.4484,99.86332
226,103,2,car,0.32,1145.44,22.055174
226,53,2,car,0.61,1466.5605,382.1935
227,29,2,car,0.49,183.32634,30.468855
227,28,2,car,0.88,672.6699,814.8546
227,52,2,car,0.54,1210.1803,653.526
227,69,2,car,0.69,915.5973,149.26746
227,81,2,car,0.68,1232.2439,116.927765
227,86,2,car,0.51,1083.5049,212.34888
227,95,2,car,0.52,1055.2847,76.01958
227,68,0,person,0.31,1842.1163,99.67789
227,103,2,car,0.25,1145.4236,23.678095
227,53,2,car,0.56,1479.3182,396.58203
228,29,2,car,0.48,183.37468,29.736813
228,28,2,car,0.75,655.45306,844.69745
228,52,2,car,0.81,1218.2107,686.02405
228,69,2,car,0.73,913.5723,153.63635
228,81,2,car,0.79,1233.9304,119.776566
228,86,2,car,0.52,1084.3164,218.39136
228,68,0,person,0.34,1841.7473,99.13597
228,53,2,car,0.6,1494.398,410.28455
229,29,2,car,0.55,184.11299,29.231186
229,28,2,car,0.81,638.66724,864.1563
229,52,2,car,0.85,1227.505,719.01385
229,69,2,car,0.76,913.3018,158.84082
229,81,2,car,0.82,1238.3015,122.80816
229,86,2,car,0.61,1086.6135,223.53023
229,68,0,person,0.35,1841.222,101.3562
229,53,2,car,0.66,1508.6145,426.61517
229,95,2,car,0.29,1055.739,79.93269
229,103,2,car,0.32,1147.7473,24.333338
230,29,2,car,0.52,183.39471,29.303373
230,28,2,car,0.71,621.4625,877.71545
230,52,2,car,0.79,1239.4272,751.3261
230,69,2,car,0.76,911.7104,162.20674
230,81,2,car,0.75,1241.252,125.5768
230,86,2,car,0.69,1088.223,230.2158
230,68,0,person,0.29,1841.4868,100.14285
230,53,2,car,0.65,1524.1376,442.21854
230,95,2,car,0.39,1055.8729,83.28783
230,103,2,car,0.27,1148.1707,24.656958
231,29,2,car,0.52,185.2742,29.06393
231,28,2,car,0.64,606.3935,900.6729
231,52,2,car,0.75,1251.0405,788.7788
231,69,2,car,0.71,911.3013,166.49594
231,81,2,car,0.72,1245.3356,127.81389
231,86,2,car,0.54,1090.8738,234.13196
231,68,0,person,0.34,1840.686,101.05002
231,53,2,car,0.66,1540.3064,458.8106
231,95,2,car,0.34,1049.0101,82.40967
231,103,2,car,0.38,1150.1178,25.03858
232,29,2,car,0.49,185.54846,29.30384
232,28,2,car,0.53,604.9441,925.567
232,52,2,car,0.87,1265.0056,830.1333
232,69,2,car,0.73,911.1115,170.48041
232,81,2,car,0.64,1248.2294,130.40324
232,86,2,car,0.53,1091.5531,240.54675
232,68,0,person,0.39,1840.3628,100.80946
232,53,2,car,0.63,1558.7439,477.4753
232,95,2,car,0.39,1045.2133,83.45703
232,103,2,car,0.5,1151.2533,25.746632
233,29,2,car,0.49,184.21431,29.332695
233,28,2,car,0.71,595.5729,951.42566
233,52,2,car,0.83,1278.8433,858.8457
233,69,2,car,0.66,909.45685,175.60931
233,81,2,car,0.64,1251.0271,133.93463
233,86,2,car,0.49,1093.9558,247.81183
233,68,0,person,0.43,1840.5554,100.783646
233,53,2,car,0.6,1577.3217,497.586
233,95,2,car,0.36,1043.637,84.39355
233,103,2,car,0.5,1151.3843,26.99326
234,29,2,car,0.53,185.4116,28.998016
234,28,2,car,0.69,584.58856,979.5951
234,52,2,car,0.83,1293.1857,875.92444
234,69,2,car,0.65,908.50354,179.58513
234,81,2,car,0.64,1253.3608,139.17374
234,86,2,car,0.65,1094.9155,252.96808
234,68,0,person,0.35,1840.6022,101.47818
234,53,2,car,0.57,1597.4259,517.2223
234,95,2,car,0.45,1048.2954,88.07357
234,103,2,car,0.54,1152.4958,27.911741
235,29,2,car,0.54,184.3084,30.045935
235,28,2,car,0.47,555.4614,1013.2866
235,52,2,car,0.76,1305.2002,892.8153
235,69,2,car,0.63,905.39935,184.66136
235,81,2,car,0.68,1257.2234,144.76923
235,86,2,car,0.63,1096.0193,260.8116
235,68,0,person,0.34,1840.1804,101.884636
235,53,2,car,0.4,1616.4137,541.08826
235,95,2,car,0.39,1045.008,90.93814
235,103,2,car,0.52,1153.3672,30.633537
236,29,2,car,0.59,184.1423,30.23366
236,52,2,car,0.77,1310.8538,910.4777
236,69,2,car,0.59,903.8491,188.67378
236,81,2,car,0.75,1262.4464,148.16402
236,86,2,car,0.5,1098.9197,267.18268
236,68,0,person,0.41,1840.4465,102.6754
236,53,7,truck,0.3,1640.0443,565.0846
236,95,2,car,0.41,1052.4298,96.14518
236,103,2,car,0.47,1154.8413,31.184357
237,29,2,car,0.64,184.125,31.640255
237,52,2,car,0.69,1323.325,930.5932
237,69,2,car,0.6,902.4316,194.23361
237,81,2,car,0.73,1265.7769,151.44151
237,86,2,car,0.5,1099.9758,276.1593
237,68,0,person,0.39,1840.4323,101.95593
237,53,7,truck,0.59,1666.6343,589.71924
237,95,2,car,0.29,1050.2493,99.05376
237,103,2,car,0.49,1156.01,33.501778
238,29,2,car,0.64,184.02272,31.912828
238,52,2,car,0.81,1324.1672,953.1028
238,69,2,car,0.56,901.35254,196.86975
238,81,2,car,0.67,1269.3804,156.36084
238,86,2,car,0.41,1102.2959,283.99585
238,68,0,person,0.36,1841.0168,102.605225
238,53,7,truck,0.6,1694.8098,617.0459
238,103,2,car,0.47,1157.1329,34.83473
239,29,2,car,0.63,183.67307,31.99269
239,52,2,car,0.74,1331.2549,978.9099
239,69,2,car,0.59,900.1223,201.68384
239,81,2,car,0.75,1272.3441,160.82753
239,86,2,car,0.35,1103.7639,291.87198
239,68,0,person,0.38,1841.1285,103.48795
239,53,7,truck,0.53,1710.5964,646.6101
239,103,2,car,0.41,1158.2104,33.830086
239,95,2,car,0.33,1056.7671,104.3935
240,29,2,car,0.63,184.10065,32.603706
240,52,2,car,0.7,1338.0781,1006.5054
240,69,2,car,0.66,898.30304,205.6871
240,81,2,car,0.67,1276.6249,164.55463
240,86,2,car,0.57,1104.9133,301.42633
240,68,0,person,0.39,1840.9475,103.42209
240,53,2,car,0.56,1720.0886,682.2956
240,103,2,car,0.54,1159.6826,36.308674
240,95,2,car,0.54,1061.4487,107.245056
241,29,2,car,0.64,184.84708,32.172077
241,52,2,car,0.57,1343.3079,1035.0043
241,69,2,car,0.67,896.4625,212.33676
241,81,2,car,0.76,1281.1348,168.88658
241,86,2,car,0.45,1107.4626,309.72186
241,68,0,person,0.43,1841.1832,103.02449
241,53,2,car,0.52,1729.7421,715.16626
241,103,2,car,0.52,1160.9158,36.5224
241,95,2,car,0.65,1063.0354,111.417786
242,29,2,car,0.67,183.52454,32.26492
242,69,2,car,0.62,893.503,217.87695
242,81,2,car,0.74,1285.8801,174.31346
242,86,2,car,0.46,1109.2725,319.24078
242,68,0,person,0.42,1843.4612,102.310974
242,53,7,truck,0.72,1740.6716,753.461
242,103,2,car,0.42,1163.502,39.955658
242,95,2,car,0.47,1063.3389,114.675
243,29,2,car,0.64,183.9563,32.490658
243,69,2,car,0.58,892.97046,220.23627
243,81,2,car,0.76,1289.3223,179.08963
243,86,7,truck,0.44,1111.7375,328.98703
243,68,0,person,0.42,1844.4484,101.92697
243,53,7,truck,0.52,1752.277,795.0847
243,103,2,car,0.34,1164.7427,41.818584
243,95,2,car,0.52,1063.8638,116.447426
244,29,2,car,0.64,184.23657,32.456264
244,69,2,car,0.5,891.01306,226.87878
244,81,2,car,0.66,1293.2617,182.92578
244,86,2,car,0.46,1113.5881,340.4022
244,68,0,person,0.37,1842.7278,102.59345
244,53,2,car,0.79,1764.8413,824.83374
244,103,2,car,0.32,1166.9866,43.053093
244,95,2,car,0.51,1063.9456,119.05973
244,121,7,truck,0.38,1113.9604,339.8962
245,29,2,car,0.58,185.97902,32.03204
245,69,2,car,0.57,890.1146,236.72064
245,81,2,car,0.65,1299.416,189.23013
245,86,2,car,0.44,1116.669,350.86652
245,68,0,person,0.38,1844.7415,104.03225
245,53,2,car,0.87,1777.2212,843.6498
245,103,2,car,0.41,1168.7593,46.646206
245,95,2,car,0.48,1064.156,122.4013
245,121,7,truck,0.32,1116.2378,349.7827
246,29,2,car,0.57,186.65654,31.43961
246,69,2,car,0.48,887.659,244.05658
246,81,2,car,0.64,1304.3318,194.29181
246,86,2,car,0.59,1119.2524,361.19635
246,68,0,person,0.35,1844.8789,104.11983
246,53,2,car,0.79,1791.8206,862.3722
246,103,2,car,0.44,1168.7197,49.225178
246,95,2,car,0.61,1064.987,124.56992
247,29,2,car,0.61,185.64058,31.94965
247,69,2,car,0.47,885.054,249.54474
247,81,2,car,0.69,1308.626,199.62643
247,86,2,car,0.52,1120.662,373.08966
247,68,0,person,0.3,1845.5923,104.51979
247,53,2,car,0.78,1809.5465,880.43774
247,103,2,car,0.58,1170.6777,50.31384
247,95,2,car,0.56,1064.7771,128.03984
247,122,7,truck,0.39,884.8027,248.21777
248,29,2,car,0.6,185.61131,32.280254
248,69,2,car,0.47,880.8973,257.86713
248,81,2,car,0.74,1312.7971,204.70377
248,86,2,car,0.61,1124.2163,386.4009
248,68,0,person,0.37,1845.8353,104.33577
248,53,2,car,0.6,1826.711,899.4812
248,103,2,car,0.56,1171.9608,50.76107
248,95,2,car,0.64,1066.4287,130.56708
248,122,7,truck,0.37,882.0375,255.76855
248,124,7,truck,0.4,1124.0308,386.58508
249,29,2,car,0.51,186.26111,31.333132
249,69,2,car,0.47,878.3396,265.13055
249,81,2,car,0.64,1320.0398,211.3165
249,86,2,car,0.69,1128.2395,398.95593
249,68,0,person,0.31,1845.5933,103.83327
249,53,2,car,0.61,1846.512,921.78674
249,103,2,car,0.52,1172.9933,50.99126
249,95,2,car,0.65,1065.9937,135.16483
249,124,7,truck,0.29,1127.2756,398.5373
250,29,2,car,0.48,186.34573,30.882988
250,69,2,car,0.54,875.84595,271.35602
250,81,2,car,0.72,1325.6953,217.96848
250,86,2,car,0.5,1131.1261,412.97537
250,53,2,car,0.6,1868.7263,949.5553
250,103,2,car,0.55,1173.988,54.390125
250,95,2,car,0.76,1066.1802,139.25615
250,124,7,truck,0.47,1130.3098,413.8776
251,29,2,car,0.56,186.19443,31.574026
251,69,2,car,0.42,873.68933,278.1265
251,81,2,car,0.73,1330.8975,223.99594
251,86,2,car,0.51,1135.0684,426.75458
251,103,2,car,0.5,1175.9012,54.826103
251,95,2,car,0.72,1068.6138,142.17368
251,124,7,truck,0.45,1135.1595,427.74402
251,68,0,person,0.4,1845.977,104.66995
252,29,2,car,0.58,185.30502,31.741713
252,69,2,car,0.62,871.30817,285.894
252,81,2,car,0.83,1336.5437,229.94043
252,86,7,truck,0.43,1139.8221,441.9505
252,103,2,car,0.53,1178.0636,55.7875
252,95,2,car,0.71,1069.6948,145.50333
252,124,2,car,0.58,1140.3894,442.80695
252,68,0,person,0.34,1845.3442,103.16937
253,29,2,car,0.62,184.97534,32.162945
253,69,2,car,0.55,867.90497,293.3291
253,81,2,car,0.63,1342.6117,235.62515
253,86,7,truck,0.3,1143.5493,459.3874
253,103,2,car,0.62,1179.5144,57.70884
253,95,2,car,0.74,1070.5928,148.63165
253,124,2,car,0.58,1144.7717,459.62976
253,68,0,person,0.39,1845.3523,103.339294
254,29,2,car,0.56,185.71527,31.788752
254,69,2,car,0.55,865.79614,302.10175
254,81,2,car,0.72,1348.9033,242.78845
254,86,7,truck,0.53,1149.0137,476.2475
254,103,2,car,0.51,1181.4998,58.302525
254,95,2,car,0.8,1071.6926,152.38062
254,124,2,car,0.59,1149.4293,475.6952
254,68,0,person,0.36,1844.8474,102.37717
254,130,2,car,0.34,1052.7842,64.8054
255,29,2,car,0.57,185.94736,32.291164
255,69,2,car,0.52,864.0504,309.17374
255,81,2,car,0.59,1357.1951,251.15582
255,86,7,truck,0.46,1153.5735,493.49103
255,103,2,car,0.52,1184.4087,61.224327
255,95,2,car,0.81,1072.3031,155.34772
255,124,2,car,0.53,1154.1782,493.8075
255,68,0,person,0.36,1845.2579,103.45784
255,130,2,car,0.35,1053.2694,63.806694
256,29,2,car,0.56,185.66953,32.67509
256,69,2,car,0.55,861.68274,319.29816
256,81,2,car,0.72,1363.1345,258.73602
256,103,2,car,0.65,1187.0847,63.1823
256,95,2,car,0.86,1074.0674,159.16116
256,68,0,person,0.36,1845.9165,101.71434
256,130,2,car,0.4,1053.2303,66.88707
257,29,2,car,0.6,185.32318,33.290813
257,69,2,car,0.58,859.0494,327.78723
257,81,2,car,0.62,1368.5713,266.1053
257,103,2,car,0.58,1188.6274,64.92291
257,95,2,car,0.84,1074.8909,162.73598
257,68,0,person,0.33,1845.3794,99.719086
257,130,2,car,0.55,1053.7107,68.105896
257,134,2,car,0.39,1143.4025,18.826809
257,86,2,car,0.59,1166.1642,531.5349
258,29,2,car,0.58,185.3898,32.23902
258,69,2,car,0.58,856.4005,338.7178
258,81,2,car,0.77,1377.6477,275.01602
258,103,2,car,0.56,1189.7817,68.4099
258,95,2,car,0.78,1076.8776,166.61267
258,68,0,person,0.39,1845.4019,102.64244
258,130,2,car,0.65,1053.7985,70.46472
258,134,2,car,0.33,1143.5273,19.175362
258,135,7,truck,0.38,1174.6748,555.8084
258,86,2,car,0.6,1173.531,553.83484
259,29,2,car,0.57,185.4075,31.363438
259,69,2,car,0.62,852.26855,349.2799
259,81,2,car,0.67,1385.5303,282.35645
259,103,2,car,0.67,1190.7488,69.77796
259,95,2,car,0.75,1076.8372,170.55807
259,68,0,person,0.33,1843.0146,102.50192
259,130,2,car,0.57,1053.977,71.03573
259,134,2,car,0.35,1144.2976,20.127842
259,135,7,truck,0.46,1180.0673,576.5497
259,86,2,car,0.46,1179.9858,576.6721
260,29,2,car,0.58,185.33325,30.707903
260,69,2,car,0.57,845.8036,360.05524
260,81,2,car,0.65,1395.0585,288.83606
260,103,2,car,0.59,1192.5956,70.45788
260,95,2,car,0.74,1078.44,175.54797
260,68,0,person,0.27,1842.4208,101.26869
260,130,2,car,0.65,1054.1514,72.67434
260,134,2,car,0.41,1145.2257,19.900118
260,135,2,car,0.54,1187.442,602.4463
260,86,7,truck,0.43,1188.0198,601.74255
261,29,2,car,0.57,186.55997,29.510532
261,69,2,car,0.65,841.99054,371.40363
261,81,2,car,0.52,1403.4335,297.0844
261,103,2,car,0.57,1194.9753,72.97977
261,95,2,car,0.7,1079.1539,178.8336
261,68,0,person,0.26,1841.5352,102.178055
261,130,2,car,0.66,1054.7468,73.99105
261,134,2,car,0.44,1145.3734,19.999498
261,135,2,car,0.44,1194.247,629.7415
261,86,7,truck,0.3,1194.5369,629.4269
262,29,2,car,0.58,186.9708,29.356295
262,69,2,car,0.64,839.5228,382.80948
262,81,2,car,0.53,1411.9741,307.78033
262,103,2,car,0.55,1197.7816,74.242165
262,95,2,car,0.64,1080.147,183.14708
262,68,0,person,0.28,1841.2698,102.37175
262,130,2,car,0.64,1055.5818,75.841286
262,134,2,car,0.39,1145.8755,20.767574
262,135,7,truck,0.33,1204.3242,662.01794
262,86,2,car,0.31,1204.1322,658.34894
263,29,2,car,0.58,187.22665,29.691898
263,69,2,car,0.67,836.9071,393.42303
263,81,7,truck,0.5,1420.8064,318.39297
263,95,2,car,0.78,1081.3142,188.69693
263,68,0,person,0.32,1839.8529,103.241974
263,130,2,car,0.63,1055.9832,78.3656
263,134,2,car,0.37,1146.56,21.719046
263,137,2,car,0.49,1419.4302,318.10315
264,29,2,car,0.58,187.33179,29.209099
264,69,2,car,0.6,832.1945,405.21356
264,81,7,truck,0.48,1431.819,328.2529
264,95,2,car,0.79,1082.6516,194.16805
264,68,0,person,0.26,1840.5435,103.261444
264,130,2,car,0.55,1056.8096,80.7741
264,134,2,car,0.26,1147.936,22.669048
264,137,2,car,0.4,1429.4365,327.0481
264,103,2,car,0.31,1202.4307,78.27584
264,86,7,truck,0.43,1219.3969,720.40283
265,29,2,car,0.51,187.42532,29.074558
265,69,2,car,0.76,827.8378,420.27307
265,81,2,car,0.4,1440.7224,339.50824
265,95,2,car,0.73,1083.518,198.177
265,68,0,person,0.31,1840.5198,102.189545
265,130,2,car,0.62,1057.5225,82.00954
265,134,2,car,0.29,1149.9995,22.665823
265,137,7,truck,0.26,1440.7677,339.39954
265,103,2,car,0.55,1204.2297,78.546616
265,86,7,truck,0.58,1231.448,759.1343
266,29,2,car,0.46,188.3153,28.883781
266,69,2,car,0.77,824.1062,433.1831
266,81,2,car,0.63,1453.0681,351.77228
266,95,2,car,0.8,1084.6099,204.14633
266,68,0,person,0.31,1840.4775,102.42879
266,130,2,car,0.69,1057.6274,83.63896
266,134,2,car,0.31,1151.3438,22.935568
266,103,2,car,0.72,1206.7205,82.83448
266,86,7,truck,0.56,1242.8359,799.9981
266,139,2,car,0.41,1243.5635,803.7516
267,29,2,car,0.53,187.83693,29.34218
267,69,2,car,0.78,820.0093,449.29077
267,81,2,car,0.6,1464.2434,364.57275
267,95,2,car,0.77,1086.1967,209.30717
267,68,0,person,0.32,1840.06,102.08128
267,130,2,car,0.54,1058.3751,86.13568
267,134,2,car,0.28,1152.3046,23.694426
267,103,2,car,0.62,1208.8049,86.08705
267,86,2,car,0.71,1255.7108,828.619
268,29,2,car,0.57,187.48071,29.562426
268,69,2,car,0.78,813.7754,465.3731
268,81,2,car,0.62,1476.0518,378.6093
268,95,2,car,0.71,1087.5574,214.9878
268,68,0,person,0.31,1839.4984,101.916245
268,130,2,car,0.52,1059.6465,87.66128
268,134,2,car,0.25,1153.9529,24.35672
268,103,2,car,0.58,1210.5833,87.52986
268,86,2,car,0.74,1268.9066,847.7882
269,29,2,car,0.48,187.69131,29.341417
269,69,2,car,0.83,808.94885,482.42444
269,81,2,car,0.66,1489.3829,391.4762
269,95,2,car,0.72,1089.0415,219.03668
269,68,0,person,0.3,1840.3129,101.06173
269,130,2,car,0.55,1060.0254,90.03168
269,134,2,car,0.33,1154.5497,25.11751
269,103,2,car,0.64,1212.8741,89.43105
269,86,2,car,0.74,1277.9285,864.03326
270,29,2,car,0.58,186.66678,31.003853
270,69,2,car,0.85,802.86786,501.27075
270,81,2,car,0.67,1503.6335,406.98276
270,95,2,car,0.72,1091.0901,227.54657
270,68,0,person,0.37,1839.959,101.06425
270,130,2,car,0.61,1059.2329,93.134125
270,134,2,car,0.4,1154.3849,26.997694
270,103,2,car,0.74,1214.5468,93.150116
270,86,2,car,0.48,1286.9364,883.02325
271,29,2,car,0.53,185.99907,30.212503
271,69,2,car,0.8,795.9888,520.52106
271,81,2,car,0.58,1518.2273,424.3839
271,95,2,car,0.63,1091.5067,233.64088
271,68,0,person,0.41,1839.1018,102.20798
271,130,2,car,0.57,1060.4131,95.95648
271,134,2,car,0.45,1155.0657,28.45142
271,103,2,car,0.71,1216.0232,95.91373
272,29,2,car,0.57,186.24997,29.910149
272,69,2,car,0.79,789.8718,542.15295
272,81,2,car,0.71,1533.2238,439.3242
272,95,2,car,0.68,1091.9121,239.27484
272,68,0,person,0.41,1839.57,100.84781
272,130,2,car,0.68,1062.4875,97.847626
272,134,2,car,0.4,1155.5698,28.782345
272,103,2,car,0.64,1217.4412,97.827774
273,29,2,car,0.58,186.44531,31.507683
273,69,2,car,0.81,783.208,565.90155
273,81,2,car,0.77,1549.7998,457.22632
273,95,2,car,0.71,1093.3073,246.06186
273,68,0,person,0.45,1839.267,100.78654
273,130,2,car,0.66,1062.9237,101.40388
273,134,2,car,0.28,1156.7639,30.560595
273,103,2,car,0.63,1218.6528,100.77498
274,29,2,car,0.53,186.82874,29.74627
274,69,2,car,0.82,777.60364,590.3917
274,81,2,car,0.76,1569.0682,475.09076
274,95,2,car,0.71,1095.987,252.87689
274,68,0,person,0.37,1840.6125,100.41518
274,130,2,car,0.72,1063.0828,104.061
274,134,2,car,0.47,1158.3806,31.021864
274,103,2,car,0.58,1221.8029,102.01851
275,29,2,car,0.54,187.10226,29.548038
275,69,2,car,0.74,770.24756,614.87213
275,81,2,car,0.68,1588.4132,497.48633
275,95,2,car,0.67,1097.9633,259.41104
275,68,0,person,0.38,1840.6499,100.91985
275,130,2,car,0.8,1064.8835,106.550995
275,134,2,car,0.63,1159.7262,31.186247
275,103,2,car,0.58,1224.832,103.567245
276,29,2,car,0.57,186.80984,29.875786
276,69,2,car,0.7,761.8832,641.9343
276,81,2,car,0.81,1608.3835,520.07324
276,95,2,car,0.57,1099.8247,268.4337
276,68,0,person,0.43,1840.2822,100.898315
276,130,2,car,0.84,1065.215,109.25076
276,134,2,car,0.45,1160.8684,32.48073
276,103,2,car,0.46,1227.3479,107.834
277,29,2,car,0.58,187.10443,29.436396
277,69,2,car,0.65,753.32556,667.99274
277,81,2,car,0.75,1629.7529,546.02905
277,95,2,car,0.57,1102.1948,276.7977
277,68,0,person,0.38,1840.3418,101.59748
277,130,2,car,0.82,1066.2202,111.70235
277,134,2,car,0.52,1162.094,33.936382
277,103,2,car,0.52,1231.3022,112.26279
278,29,2,car,0.6,186.34618,30.20196
278,69,2,car,0.76,741.9908,702.72797
278,81,2,car,0.81,1654.7446,571.2142
278,95,2,car,0.56,1104.7712,285.09393
278,68,0,person,0.35,1840.6372,102.76069
278,130,2,car,0.75,1067.1436,115.265656
278,134,2,car,0.5,1163.7715,35.642616
278,103,2,car,0.74,1233.1057,115.94029
278,148,2,car,0.34,1058.7478,23.594402
278,149,2,car,0.4,961.1336,16.880508
279,29,2,car,0.62,186.23819,30.27885
279,69,2,car,0.8,730.9689,737.3148
279,81,2,car,0.86,1682.5764,597.8883
279,95,2,car,0.59,1107.9751,294.7727
279,68,0,person,0.37,1840.8716,103.14009
279,130,2,car,0.78,1067.8184,117.53619
279,134,2,car,0.42,1164.25,38.23989
279,103,2,car,0.64,1236.4274,119.27501
279,148,2,car,0.42,1058.8993,24.092266
279,149,2,car,0.44,961.29895,17.53889
280,29,2,car,0.61,186.4443,30.04263
280,69,2,car,0.79,721.0379,776.0631
280,81,2,car,0.82,1711.0154,629.6289
280,95,7,truck,0.49,1109.2539,304.49088
280,68,0,person,0.35,1841.6641,103.37222
280,130,2,car,0.77,1068.7617,120.27551
280,134,2,car,0.44,1166.3479,40.337082
280,103,2,car,0.63,1239.2845,122.174225
280,148,2,car,0.38,1059.2965,25.193727
280,149,2,car,0.52,960.3679,18.617254
281,29,2,car,0.59,186.47818,31.286673
281,69,2,car,0.85,709.9957,815.818
281,81,2,car,0.77,1729.9019,662.2803
281,95,2,car,0.55,1112.0266,314.41986
281,68,0,person,0.35,1841.3157,102.20659
281,130,2,car,0.81,1069.104,122.60657
281,103,2,car,0.57,1242.8296,124.374466
281,148,2,car,0.34,1058.6238,26.58776
281,149,2,car,0.58,958.4919,19.879566
282,29,2,car,0.61,186.19823,30.486616
282,69,2,car,0.83,696.22644,839.7702
282,81,2,car,0.89,1739.9094,698.16266
282,95,2,car,0.52,1115.5742,324.9004
282,68,0,person,0.41,1844.4828,102.31514
282,130,2,car,0.78,1070.3633,127.53764
282,103,2,car,0.49,1246.4543,128.15381
282,148,2,car,0.37,1058.8567,26.418251
282,149,2,car,0.53,958.5491,20.407293
282,134,2,car,0.42,1168.4553,45.69701
283,29,2,car,0.59,186.07993,30.08561
283,69,2,car,0.78,683.12476,856.1139
283,81,2,car,0.89,1752.0344,738.4336
283,95,2,car,0.62,1118.3557,334.79858
283,68,0,person,0.34,1846.0989,101.23602
283,130,2,car,0.79,1071.4889,130.69836
283,103,2,car,0.49,1248.3672,131.06314
283,148,2,car,0.35,1059.4385,26.480335
283,149,2,car,0.53,958.4743,20.886158
283,152,7,truck,0.36,1247.9507,130.37196
283,134,2,car,0.36,1169.1665,47.686325
284,29,2,car,0.58,185.71484,31.631275
284,69,2,car,0.61,664.56195,870.46136
284,81,2,car,0.9,1764.7798,781.2663
284,95,2,car,0.59,1121.7205,345.56693
284,68,0,person,0.32,1843.7288,100.57524
284,130,2,car,0.84,1072.0891,133.90236
284,103,2,car,0.55,1251.5326,134.67719
284,148,2,car,0.34,1059.503,27.296925
284,149,2,car,0.55,959.43823,20.431839
284,134,2,car,0.4,1169.8336,49.08369
285,29,2,car,0.51,187.73877,31.705706
285,69,2,car,0.68,641.48096,886.251
285,81,2,car,0.85,1778.2615,821.3447
285,95,2,car,0.62,1124.9451,355.7077
285,68,0,person,0.31,1846.7737,101.74106
285,130,2,car,0.81,1072.9792,135.9077
285,103,7,truck,0.42,1255.845,137.60849
285,148,2,car,0.38,1061.4944,28.52775
285,149,2,car,0.55,960.35486,20.757479
285,134,2,car,0.48,1172.1128,52.481888
286,29,2,car,0.63,187.8855,31.474226
286,69,2,car,0.59,644.98676,910.24084
286,81,2,car,0.78,1793.1792,847.82513
286,95,2,car,0.58,1128.0854,368.98755
286,68,0,person,0.26,1849.6489,100.17251
286,130,2,car,0.77,1073.0942,139.3175
286,103,2,car,0.55,1258.6251,143.09808
286,148,2,car,0.32,1061.4329,29.439394
286,149,2,car,0.51,960.2867,21.857597
286,134,2,car,0.54,1173.4111,54.422523
287,29,2,car,0.64,187.4985,31.260305
287,69,2,car,0.75,643.26263,933.2583
287,81,2,car,0.8,1810.8003,867.1273
287,95,2,car,0.66,1132.499,382.85754
287,130,2,car,0.8,1073.7059,142.81769
287,103,2,car,0.62,1263.6697,146.29877
287,148,2,car,0.33,1061.4656,33.857227
287,149,2,car,0.51,960.23566,21.911013
287,134,2,car,0.49,1174.0309,56.067867
288,29,2,car,0.62,187.93726,30.995657
288,69,2,car,0.61,638.4113,956.3516
288,81,2,car,0.76,1828.5579,889.8893
288,95,2,car,0.57,1138.5128,396.3653
288,130,2,car,0.71,1074.4438,146.81158
288,103,2,car,0.7,1267.0549,150.53822
288,149,2,car,0.59,960.5064,21.779667
288,134,2,car,0.55,1174.793,57.931892
288,68,0,person,0.31,1849.7991,101.09154
289,29,2,car,0.6,187.94516,31.062643
289,69,2,car,0.55,632.2756,984.4901
289,81,2,car,0.77,1849.2357,918.10455
289,95,2,car,0.69,1143.247,409.67267
289,130,2,car,0.78,1076.1863,149.61276
289,103,2,car,0.6,1269.8401,154.67982
289,149,2,car,0.58,960.2324,22.115255
289,134,2,car,0.6,1177.1813,59.835976
289,68,0,person,0.32,1849.4415,101.21961
289,148,2,car,0.26,1061.7441,37.891098
290,29,2,car,0.64,188.81609,30.959558
290,69,2,car,0.63,624.4586,1015.4628
290,95,2,car,0.67,1147.9951,424.47754
290,130,2,car,0.84,1077.949,153.39758
290,103,2,car,0.67,1274.1353,157.94646
290,149,2,car,0.67,960.549,21.477291
290,134,2,car,0.54,1178.6382,61.160545
290,68,0,person,0.35,1850.0791,100.951485
290,148,2,car,0.35,1062.0109,33.72534
291,29,2,car,0.53,189.34033,30.516201
291,95,2,car,0.57,1152.5205,440.28397
291,130,2,car,0.83,1079.4952,157.25002
291,103,2,car,0.67,1278.9084,161.3109
291,149,2,car,0.72,961.07733,21.264915
291,134,2,car,0.63,1181.3201,62.367867
291,68,0,person,0.41,1851.956,101.68584
291,148,2,car,0.36,1062.531,32.653976
292,29,2,car,0.54,189.1378,30.897564
292,95,2,car,0.59,1157.1367,457.27652
292,130,2,car,0.81,1080.0652,162.12074
292,103,2,car,0.62,1283.9462,164.79903
292,149,2,car,0.74,960.5314,23.163755
292,134,2,car,0.55,1184.4607,64.78758
292,68,0,person,0.44,1851.012,103.58322
292,148,2,car,0.3,1063.3296,32.97192
293,29,2,car,0.55,190.02705,30.41532
293,95,2,car,0.67,1163.6882,476.60266
293,130,2,car,0.76,1081.2185,167.62213
293,103,2,car,0.61,1287.8828,172.4319
293,149,2,car,0.63,960.97485,23.878345
293,134,2,car,0.54,1187.3574,67.54486
293,68,0,person,0.47,1850.9045,103.32404
294,29,2,car,0.62,189.96086,30.693089
294,95,2,car,0.6,1169.309,496.10083
294,130,2,car,0.81,1081.9951,172.46594
294,103,2,car,0.55,1291.717,178.22862
294,149,2,car,0.61,960.22046,24.7681
294,134,2,car,0.52,1187.7719,68.993
294,68,0,person,0.43,1849.8044,102.76438
295,29,2,car,0.56,190.39023,30.864338
295,95,2,car,0.69,1174.9285,516.6271
295,130,2,car,0.81,1084.1702,176.96979
295,103,2,car,0.68,1296.4832,183.6683
295,149,2,car,0.65,960.2191,25.857328
295,134,2,car,0.7,1188.9824,71.371445
295,68,0,person,0.47,1849.8889,105.5798
296,29,2,car,0.63,191.30496,31.219107
296,95,2,car,0.59,1182.8599,539.2847
296,130,2,car,0.84,1085.4407,182.24089
296,103,2,car,0.69,1301.7495,188.08054
296,149,2,car,0.59,961.3347,27.333422
296,134,2,car,0.56,1190.0173,73.79683
296,68,0,person,0.4,1849.4753,107.83753
296,148,2,car,0.39,1065.223,44.25614
297,29,2,car,0.64,192.52554,30.736418
297,95,2,car,0.51,1191.1099,563.71155
297,130,2,car,0.85,1086.8438,185.51285
297,103,2,car,0.63,1305.4006,192.5686
297,149,2,car,0.63,960.68176,27.881245
297,134,2,car,0.65,1191.2893,76.498955
297,68,0,person,0.37,1849.0654,107.91033
297,148,2,car,0.37,1065.9373,48.679764
298,29,2,car,0.61,192.80957,30.293844
298,95,2,car,0.59,1199.0579,589.0043
298,130,2,car,0.71,1088.5237,190.7127
298,103,2,car,0.7,1309.884,198.25214
298,149,2,car,0.71,961.0536,28.40794
298,134,2,car,0.45,1192.9767,79.501816
298,68,0,person,0.42,1850.16,108.10539
298,148,2,car,0.28,1066.6543,46.90713
299,29,2,car,0.64,192.11517,31.01568
299,95,2,car,0.42,1208.5513,616.83496
299,130,2,car,0.81,1089.3011,195.89352
299,103,2,car,0.51,1315.1716,204.60913
299,149,2,car,0.59,960.47034,29.267012
299,134,2,car,0.41,1195.1001,82.46719
299,68,0,person,0.44,1850.2047,108.164894
299,148,2,car,0.45,1068.2648,50.151737
300,29,2,car,0.65,192.05615,30.72338
300,95,2,car,0.49,1216.7092,645.9686
300,130,2,car,0.83,1090.571,201.16504
300,103,2,car,0.69,1321.02,210.02893
300,149,2,car,0.62,960.8318,30.003197
300,134,2,car,0.41,1197.3389,84.32702
300,68,0,person,0.36,1849.5378,107.1384
300,148,2,car,0.35,1068.6489,53.129993
301,29,2,car,0.59,193.49854,31.712952
301,95,2,car,0.66,1227.3573,678.4723
301,130,2,car,0.73,1091.99,207.45035
301,103,2,car,0.66,1326.1953,215.69528
301,149,2,car,0.6,961.4783,34.098976
301,134,2,car,0.52,1199.8801,86.278244
301,68,0,person,0.42,1850.8384,106.81232
301,148,2,car,0.52,1069.4341,56.344234
302,29,2,car,0.59,193.176,32.109737
302,95,2,car,0.6,1239.5627,714.04065
302,130,2,car,0.8,1095.5505,212.9274
302,103,2,car,0.6,1331.9299,221.26828
302,149,2,car,0.58,960.6492,36.816242
302,134,2,car,0.58,1202.2781,88.78735
302,68,0,person,0.41,1851.7896,106.86734
302,148,2,car,0.58,1069.7507,57.80468
303,29,2,car,0.63,192.06612,31.137377
303,95,2,car,0.31,1251.8966,752.5452
303,130,2,car,0.79,1097.5371,216.63739
303,103,2,car,0.65,1338.4349,228.09769
303,149,2,car,0.51,959.97925,37.5626
303,134,2,car,0.65,1204.0371,91.108215
303,68,0,person,0.41,1851.7327,106.623764
303,148,2,car,0.72,1069.9674,58.562893
304,29,2,car,0.62,191.64568,31.178165
304,95,2,car,0.67,1264.9277,794.7224
304,130,2,car,0.76,1097.9813,222.53673
304,103,2,car,0.61,1344.1304,235.68948
304,149,2,car,0.56,958.8987,38.892445
304,134,2,car,0.76,1205.6958,93.93003
304,68,0,person,0.45,1854.0786,106.419685
304,148,2,car,0.62,1070.6586,59.37458
305,29,2,car,0.65,192.97708,30.474958
305,95,2,car,0.72,1280.3352,835.1039
305,130,2,car,0.76,1099.5027,225.67874
305,103,2,car,0.68,1351.5206,242.02869
305,149,2,car,0.54,958.82117,41.770294
305,134,2,car,0.79,1207.8502,95.33389
305,68,0,person,0.44,1852.8098,106.99437
305,148,2,car,0.72,1071.3237,60.330032
306,29,2,car,0.64,194.12846,30.66959
306,95,2,car,0.46,1297.4282,860.37305
306,130,2,car,0.74,1102.478,235.6435
306,103,2,car,0.55,1359.5234,248.71323
306,149,2,car,0.49,959.7274,43.436375
306,134,2,car,0.65,1210.9913,96.997826
306,68,0,person,0.35,1854.0924,107.20415
306,148,2,car,0.64,1072.1985,61.19819
307,29,2,car,0.62,194.08391,31.05864
307,95,2,car,0.43,1312.4631,880.2127
307,130,2,car,0.82,1104.9023,243.30084
307,103,2,car,0.61,1364.3828,256.01047
307,149,2,car,0.45,959.5211,44.922348
307,134,2,car,0.78,1212.8811,99.1845
307,68,0,person,0.45,1858.29,106.380875
307,148,2,car,0.66,1072.8185,61.91541
308,29,2,car,0.59,194.84235,31.629053
308,95,2,car,0.6,1322.9324,900.5753
308,130,2,car,0.76,1106.3672,248.3858
308,103,2,car,0.62,1371.3074,265.07706
308,149,2,car,0.47,959.70654,41.39205
308,134,2,car,0.74,1215.0901,101.54541
308,68,0,person,0.42,1859.7043,106.27997
308,148,2,car,0.61,1073.2751,63.360023
309,29,2,car,0.6,195.1284,31.691988
309,95,2,car,0.51,1330.4783,922.81226
309,130,2,car,0.69,1108.9128,254.27824
309,103,2,car,0.62,1379.0037,271.69833
309,149,2,car,0.45,959.8811,41.248314
309,134,2,car,0.52,1216.929,103.695206
309,68,0,person,0.42,1858.5564,106.01516
309,148,2,car,0.55,1073.1074,64.46599
310,29,2,car,0.61,195.04517,31.836586
310,130,2,car,0.78,1111.9861,259.32233
310,103,2,car,0.67,1387.4138,279.0487
310,149,2,car,0.56,959.4752,43.93419
310,134,2,car,0.34,1219.002,106.80192
310,68,0,person,0.44,1859.6926,105.88315
310,148,2,car,0.64,1073.3972,67.21611
311,29,2,car,0.66,195.4684,30.504545
311,130,2,car,0.86,1114.6418,266.34186
311,103,2,car,0.58,1396.4758,286.32874
311,149,2,car,0.59,959.4646,44.28789
311,134,2,car,0.6,1222.0684,109.63948
311,68,0,person,0.5,1862.1277,106.08888
311,148,2,car,0.69,1074.1304,68.73903
312,29,2,car,0.59,195.00159,30.739332
312,130,2,car,0.84,1116.2659,276.34726
312,103,2,car,0.74,1403.8984,295.04816
312,149,2,car,0.64,958.4658,45.727116
312,134,2,car,0.66,1224.4534,113.08563
312,68,0,person,0.5,1862.5555,105.8056
312,148,2,car,0.71,1074.2103,71.14883
313,29,2,car,0.57,194.9408,31.624306
313,130,2,car,0.83,1118.4221,284.77527
313,103,7,truck,0.5,1413.1193,304.73352
313,149,2,car,0.49,958.00305,46.91596
313,134,2,car,0.62,1228.1401,115.91601
313,68,0,person,0.51,1859.8798,105.086464
313,148,2,car,0.76,1074.642,72.8818
314,29,2,car,0.67,194.93634,30.040342
314,130,2,car,0.78,1121.3048,293.85654
314,103,2,car,0.57,1422.0244,313.99075
314,149,2,car,0.68,958.62866,47.59533
314,134,2,car,0.81,1231.144,120.51514
314,68,0,person,0.5,1861.3992,106.21652
314,148,2,car,0.64,1075.7065,75.49705
315,29,2,car,0.68,194.55359,29.637154
315,130,2,car,0.72,1124.5922,302.20346
315,103,2,car,0.54,1432.4939,325.49152
315,149,2,car,0.71,958.4585,47.9666
315,134,2,car,0.82,1233.49,122.51488
315,68,0,person,0.52,1862.249,105.831635
315,148,2,car,0.55,1076.584,77.65571
316,29,2,car,0.7,194.55887,29.17
316,130,2,car,0.72,1128.3334,309.43604
316,103,2,car,0.56,1443.1464,336.8858
316,149,2,car,0.68,958.3145,48.383274
316,134,2,car,0.79,1236.5105,125.142715
316,68,0,person,0.52,1860.1819,105.831085
316,148,2,car,0.51,1077.168,77.79503
317,29,2,car,0.59,194.2746,29.171635
317,130,2,car,0.68,1130.7565,319.7594
317,103,2,car,0.64,1453.8049,347.4636
317,149,2,car,0.75,958.48627,48.913353
317,134,2,car,0.7,1239.41,128.0163
317,68,0,person,0.48,1857.2461,106.41577
317,148,2,car,0.64,1077.9393,79.32669
318,29,2,car,0.64,194.44608,29.249249
318,130,2,car,0.69,1133.6575,330.42288
318,103,2,car,0.69,1464.9648,360.98782
318,149,2,car,0.79,957.5931,50.584156
318,134,2,car,0.6,1241.9827,129.79092
318,68,0,person,0.56,1859.5298,105.79822
318,148,2,car,0.63,1078.4849,80.82656
319,29,2,car,0.68,194.93945,29.209694
319,130,2,car,0.72,1137.5713,339.44843
319,103,2,car,0.68,1477.6262,374.20776
319,149,2,car,0.76,957.13043,51.159786
319,134,2,car,0.61,1244.2227,132.55618
319,68,0,person,0.55,1858.3928,104.303116
319,148,2,car,0.6,1078.8345,83.07954
320,29,2,car,0.66,194.3507,29.036459
320,130,2,car,0.65,1140.8838,350.0423
320,103,2,car,0.67,1489.9408,386.4828
320,149,2,car,0.78,956.7389,51.13208
320,134,2,car,0.48,1246.9569,134.44226
320,68,0,person,0.52,1856.6497,103.722244
320,148,2,car,0.63,1078.928,83.4769
320,174,2,car,0.34,1011.64966,16.994457
321,29,2,car,0.69,194.28036,29.042517
321,130,2,car,0.69,1144.7373,361.412
321,103,2,car,0.75,1504.9497,399.9895
321,149,2,car,0.8,956.44763,51.142685
321,134,2,car,0.6,1250.1567,140.76453
321,68,0,person,0.49,1857.3193,103.71867
321,148,2,car,0.61,1079.5823,86.4389
322,29,2,car,0.66,194.37343,29.170101
322,130,2,car,0.66,1148.4382,373.47498
322,103,2,car,0.63,1519.6174,415.07358
322,149,2,car,0.77,956.5493,52.193893
322,134,2,car,0.66,1254.2659,144.3502
322,68,0,person,0.49,1856.2166,104.12773
322,148,2,car,0.63,1080.3142,88.97362
322,174,2,car,0.36,1011.85004,17.3608
323,29,2,car,0.63,194.51454,29.349394
323,130,2,car,0.74,1152.8619,386.38214
323,103,2,car,0.64,1535.3413,431.67474
323,149,2,car,0.73,957.0977,52.48998
323,134,2,car,0.68,1258.5272,148.1022
323,68,0,person,0.49,1855.3325,104.28012
323,148,2,car,0.52,1080.8252,90.64631
323,174,2,car,0.4,1010.053,17.993492
324,29,2,car,0.65,194.6278,29.197628
324,130,2,car,0.73,1158.9706,398.97565
324,103,2,car,0.76,1551.1198,447.07837
324,149,2,car,0.72,957.085,54.048767
324,134,2,car,0.67,1261.2214,151.8046
324,68,0,person,0.48,1853.2622,104.28723
324,148,2,car,0.49,1080.7864,92.640236
324,174,2,car,0.42,1011.7866,18.254515
325,29,2,car,0.44,192.61755,28.494837
325,130,2,car,0.77,1164.1791,413.00037
325,103,2,car,0.68,1568.044,466.14673
325,149,2,car,0.75,957.42664,56.670784
325,134,2,car,0.73,1265.6455,155.34454
325,68,0,person,0.44,1854.6211,105.10147
325,148,2,car,0.38,1081.3657,94.01572
325,174,2,car,0.4,1011.9965,19.23263
326,29,2,car,0.5,191.74556,28.86946
326,130,2,car,0.73,1168.449,428.70685
326,103,2,car,0.63,1586.1781,485.25336
326,149,2,car,0.75,957.0602,56.58463
326,134,2,car,0.76,1268.5966,159.54356
326,68,0,person,0.55,1852.6777,104.796295
326,148,2,car,0.47,1080.9752,97.64357
326,174,2,car,0.32,1009.3989,20.723213
327,29,2,car,0.63,192.9306,29.210135
327,130,2,car,0.78,1173.1318,443.3495
327,103,2,car,0.75,1605.3687,505.58893
327,149,2,car,0.59,956.5845,59.49186
327,134,2,car,0.71,1271.4651,163.6864
327,68,0,person,0.4,1853.7932,103.76424
327,148,2,car,0.36,1080.8696,99.6279
327,174,2,car,0.26,1010.64154,20.924269
328,29,2,car,0.43,193.33966,28.06629
328,130,2,car,0.82,1178.3652,458.09525
328,103,2,car,0.75,1626.2585,530.7242
328,149,2,car,0.7,957.16785,60.580795
328,134,2,car,0.69,1275.855,167.74815
328,68,0,person,0.49,1853.8608,105.216515
328,148,2,car,0.55,1082.2084,103.17319
328,174,2,car,0.35,1011.48584,22.1898
329,29,2,car,0.41,192.89053,28.2388
329,130,2,car,0.68,1184.1263,476.03024
329,103,2,car,0.81,1650.6748,552.47296
329,149,2,car,0.63,956.35,63.54609
329,134,2,car,0.62,1280.9482,173.64998
329,68,0,person,0.52,1853.5652,105.32315
329,148,2,car,0.53,1084.0558,107.190186
329,174,2,car,0.29,1010.7947,23.346148
330,29,2,car,0.59,194.02026,29.102167
330,130,2,car,0.72,1191.0874,494.40924
330,103,2,car,0.77,1676.3398,578.67303
330,149,2,car,0.53,955.5245,65.923454
330,134,2,car,0.64,1285.477,179.29381
330,68,0,person,0.48,1853.6277,105.02681
330,148,2,car,0.68,1084.924,110.26418
330,174,2,car,0.4,1010.2945,24.203861
330,180,2,car,0.38,1148.6439,17.240461
331,29,2,car,0.58,194.52002,29.3483
331,130,2,car,0.71,1196.7493,515.02893
331,103,2,car,0.74,1703.2085,604.93274
331,149,2,car,0.48,957.03345,66.875244
331,134,2,car,0.65,1289.7207,184.51288
331,68,0,person,0.39,1853.1285,105.54366
331,148,2,car,0.73,1087.3121,114.29739
331,174,2,car,0.35,1009.74255,24.618366
331,180,2,car,0.28,1150.8308,17.75701
332,29,2,car,0.64,195.16232,29.237516
332,130,2,car,0.74,1203.6171,536.65234
332,103,2,car,0.83,1725.1787,634.43915
332,149,2,car,0.41,955.61926,68.293465
332,134,2,car,0.6,1293.8364,189.17798
332,68,0,person,0.33,1851.9373,105.404236
332,148,2,car,0.8,1087.3235,117.06056
332,174,2,car,0.48,1009.3854,25.2349
332,180,2,car,0.39,1151.0315,18.20377
333,29,2,car,0.56,194.82031,28.96647
333,130,2,car,0.84,1211.8059,558.0465
333,103,2,car,0.89,1737.4678,669.26227
333,149,2,car,0.39,954.0403,70.43618
333,134,2,car,0.71,1299.7128,193.27603
333,148,2,car,0.71,1088.6915,119.29613
333,174,2,car,0.51,1009.3988,25.634789
333,180,2,car,0.58,1152.965,18.191101
334,29,2,car,0.56,194.17508,29.23697
334,130,2,car,0.66,1219.8563,582.85547
334,103,2,car,0.89,1748.696,705.3935
334,149,2,car,0.43,953.6913,73.05008
334,134,2,car,0.54,1304.2264,199.02261
334,148,2,car,0.77,1088.1113,122.59039
334,174,2,car,0.38,1009.0946,25.24428
334,180,2,car,0.66,1153.7957,19.103542
334,68,0,person,0.26,1852.3359,105.96695
335,29,2,car,0.68,194.64035,29.291555
335,130,2,car,0.78,1229.1975,608.7424
335,103,2,car,0.9,1760.23,741.2323
335,149,2,car,0.58,954.2404,74.23055
335,134,2,car,0.72,1308.4054,206.07999
335,148,2,car,0.84,1088.5708,124.98599
335,174,2,car,0.42,1008.32874,27.715523
335,180,2,car,0.57,1154.6542,20.634645
335,68,0,person,0.28,1852.6643,105.56477
336,29,2,car,0.64,196.06082,29.785746
336,130,2,car,0.77,1237.8347,637.3187
336,103,2,car,0.91,1772.2288,782.9373
336,149,2,car,0.73,954.94116,75.94716
336,134,2,car,0.62,1314.0251,212.56331
336,148,2,car,0.82,1089.6338,128.09526
336,174,2,car,0.43,1008.5475,29.04884
336,180,2,car,0.53,1155.3551,21.161135
336,68,0,person,0.38,1853.0079,105.648384
337,29,2,car,0.63,196.0596,29.93873
337,130,2,car,0.62,1248.6245,666.6658
337,103,2,car,0.76,1785.8608,818.3739
337,149,2,car,0.67,955.35803,77.38481
337,134,2,car,0.73,1320.554,218.28128
337,148,2,car,0.8,1089.9539,131.63481
337,174,2,car,0.42,1007.85736,29.837225
337,180,2,car,0.47,1156.4933,22.83987
337,68,0,person,0.42,1853.7568,105.069595
338,29,2,car,0.65,195.5668,29.81964
338,130,2,car,0.68,1259.8822,701.6838
338,103,2,car,0.84,1800.0892,836.7253
338,149,2,car,0.68,954.48944,78.489136
338,134,2,car,0.71,1325.1919,223.86687
338,148,2,car,0.82,1090.6357,135.974
338,174,2,car,0.34,1006.30383,32.762375
338,180,2,car,0.44,1156.913,22.761269
338,68,0,person,0.34,1853.9563,104.833206
339,29,2,car,0.65,196.03787,29.520573
339,130,2,car,0.88,1271.0514,738.96136
339,103,2,car,0.88,1816.3999,855.4706
339,149,2,car,0.64,953.9777,81.61595
339,134,2,car,0.56,1330.8553,230.74785
339,148,2,car,0.59,1091.6089,139.24948
339,174,2,car,0.43,1005.40094,37.465347
339,180,2,car,0.58,1158.0673,23.752516
339,68,0,person,0.33,1853.6309,105.22172
340,29,2,car,0.64,195.46976,30.257936
340,130,2,car,0.8,1286.087,778.5956
340,103,2,car,0.71,1834.8534,874.4392
340,149,2,car,0.7,953.48175,83.243835
340,134,2,car,0.41,1336.721,236.34663
340,148,2,car,0.65,1092.2817,143.56252
340,174,2,car,0.39,1005.06146,38.207397
340,180,2,car,0.47,1159.0675,24.175428
340,68,0,person,0.33,1853.766,104.89135
341,29,2,car,0.62,195.79352,29.733662
341,130,2,car,0.77,1300.6902,822.5586
341,103,2,car,0.73,1853.0814,896.25684
341,149,2,car,0.51,954.6746,85.49658
341,134,2,car,0.46,1343.3477,243.71904
341,148,2,car,0.81,1092.6122,146.8177
341,174,2,car,0.42,1003.6068,40.842186
341,180,2,car,0.42,1160.2781,23.840912
341,68,0,person,0.41,1853.3508,105.0224
342,29,2,car,0.61,196.47519,30.577837
342,130,2,car,0.8,1318.8572,858.4471
342,103,2,car,0.54,1876.8691,933.3478
342,149,2,car,0.45,954.2013,86.424225
342,134,2,car,0.57,1349.4929,250.36005
342,148,2,car,0.71,1094.367,148.34502
342,174,2,car,0.25,1003.17834,42.10449
342,180,2,car,0.39,1161.5535,24.520603
342,68,0,person,0.37,1853.1678,104.84825
343,29,2,car,0.63,196.96423,30.699902
343,130,2,car,0.62,1334.1221,882.4084
343,149,2,car,0.57,954.3964,88.37633
343,134,2,car,0.72,1357.227,259.48993
343,148,2,car,0.71,1095.0183,153.93677
343,174,2,car,0.3,1002.57666,42.64128
343,180,2,car,0.41,1163.7455,25.286806
343,68,0,person,0.42,1853.2814,105.076004
344,29,2,car,0.66,197.89754,30.430746
344,130,2,car,0.78,1350.3973,902.2832
344,149,2,car,0.56,952.3375,90.411835
344,134,2,car,0.68,1363.659,267.37762
344,148,2,car,0.75,1096.4929,157.89328
344,174,2,car,0.38,1001.0936,43.968235
344,180,2,car,0.41,1165.3994,25.487349
344,68,0,person,0.4,1853.2522,105.58148
344,185,7,truck,0.35,1077.0657,69.06061
345,29,2,car,0.64,198.14651,29.827719
345,130,2,car,0.64,1364.312,924.12427
345,149,2,car,0.65,951.92535,95.025665
345,134,2,car,0.75,1370.016,275.21753
345,148,2,car,0.69,1100.2988,161.8561
345,174,2,car,0.46,1000.18494,44.7079
345,180,2,car,0.42,1166.4065,26.716116
345,68,0,person,0.42,1852.8257,105.56496
345,185,2,car,0.36,1077.8126,70.58887
346,29,2,car,0.67,198.14493,29.87033
346,130,2,car,0.41,1367.3069,948.9552
346,149,2,car,0.68,952.72046,97.5217
346,134,2,car,0.72,1378.4204,283.67044
346,148,2,car,0.68,1100.3997,166.48695
346,174,2,car,0.3,1000.2803,46.609665
346,180,2,car,0.47,1167.573,27.280434
346,68,0,person,0.44,1852.8826,105.72792
346,185,7,truck,0.28,1077.7642,73.977104
347,29,2,car,0.65,197.44458,30.201767
347,130,2,car,0.59,1375.0234,976.76404
347,149,2,car,0.75,954.141,98.90457
347,134,2,car,0.58,1387.6572,294.4358
347,148,2,car,0.65,1102.6597,169.32399
347,174,2,car,0.54,998.85645,47.956116
347,180,2,car,0.46,1168.1896,27.97579
347,68,0,person,0.51,1853.3805,105.75311
347,185,2,car,0.42,1077.6978,75.683754
348,29,2,car,0.61,196.4097,31.010519
348,130,2,car,0.47,1382.5049,1007.5124
348,149,2,car,0.69,954.0386,101.18123
348,134,2,car,0.77,1397.5184,303.0624
348,148,2,car,0.72,1103.8835,173.4668
348,174,2,car,0.54,998.4631,49.82268
348,180,2,car,0.57,1168.2329,29.167831
348,68,0,person,0.53,1853.0837,106.00685
348,185,2,car,0.38,1077.6486,77.47192
349,29,2,car,0.6,195.40762,32.388763
349,149,2,car,0.69,953.0769,102.995514
349,134,2,car,0.7,1406.1414,312.8418
349,148,2,car,0.74,1104.449,177.56615
349,174,2,car,0.67,997.7991,52.989132
349,180,2,car,0.66,1169.6102,30.769054
349,68,0,person,0.51,1853.2074,106.1461
349,185,2,car,0.56,1077.8759,71.91319
350,29,2,car,0.52,196.08237,32.625248
350,149,2,car,0.72,952.34094,105.489265
350,134,2,car,0.72,1415.5588,323.93417
350,148,2,car,0.84,1104.9866,181.08905
350,174,2,car,0.7,997.95764,56.956524
350,180,2,car,0.52,1171.28,33.26608
350,68,0,person,0.5,1852.5786,106.44948
350,185,2,car,0.49,1078.4325,70.01678
351,29,2,car,0.63,197.24844,32.397865
351,149,2,car,0.75,951.90015,107.60927
351,134,2,car,0.66,1424.896,335.96454
351,148,2,car,0.74,1106.004,185.5721
351,174,2,car,0.71,997.3889,57.195427
351,180,2,car,0.47,1172.7744,35.677723
351,68,0,person,0.5,1852.1821,106.2944
351,185,2,car,0.63,1079.8721,79.69377
352,29,2,car,0.54,197.04182,32.315437
352,149,2,car,0.69,952.4808,109.2167
352,134,2,car,0.62,1435.4797,346.23706
352,148,2,car,0.69,1107.876,192.07576
352,174,2,car,0.54,997.3535,58.548065
352,180,2,car,0.46,1173.8038,36.63726
352,68,0,person,0.5,1851.8903,106.63067
352,185,2,car,0.58,1081.7029,84.83682
353,29,2,car,0.63,197.93008,32.01425
353,149,2,car,0.58,952.3226,111.799194
353,134,2,car,0.76,1446.1882,359.11487
353,148,2,car,0.78,1109.653,196.60023
353,174,2,car,0.57,996.57526,59.847004
353,180,2,car,0.43,1173.879,37.697655
353,68,0,person,0.52,1851.4438,106.77101
353,185,2,car,0.4,1082.9882,88.65035
354,29,2,car,0.57,198.88678,31.996706
354,149,2,car,0.57,952.1178,114.78501
354,134,2,car,0.71,1458.5298,373.26575
354,148,2,car,0.74,1109.4004,202.28098
354,174,2,car,0.45,996.2842,61.01834
354,180,2,car,0.46,1174.6542,38.94358
354,68,0,person,0.52,1851.2478,106.55905
354,185,2,car,0.39,1083.9951,91.24
355,29,2,car,0.44,199.0017,31.806564
355,149,2,car,0.68,952.3585,119.85678
355,134,2,car,0.68,1470.971,387.9684
355,148,2,car,0.8,1110.281,206.211
355,174,2,car,0.41,996.497,62.013435
355,180,2,car,0.53,1176.544,43.975426
355,68,0,person,0.55,1851.7095,108.91791
355,185,2,car,0.74,1084.3958,96.012054
356,29,2,car,0.39,199.52281,32.47067
356,149,2,car,0.75,952.0835,124.51875
356,134,2,car,0.75,1484.3696,401.97583
356,148,2,car,0.86,1111.6816,211.5805
356,174,2,car,0.45,995.6703,65.2087
356,180,2,car,0.45,1177.7656,47.210896
356,68,0,person,0.49,1851.6509,110.00453
356,185,2,car,0.67,1084.8132,98.41461
357,29,2,car,0.26,199.05728,33.576668
357,149,2,car,0.72,952.7007,127.62642
357,134,2,car,0.78,1498.2554,418.81555
357,148,2,car,0.82,1113.9459,216.10188
357,174,2,car,0.56,995.24316,67.35544
357,180,2,car,0.52,1180.0837,48.389412
357,68,0,person,0.53,1851.9575,109.517365
357,185,2,car,0.8,1085.6072,100.57467
358,29,2,car,0.5,198.81854,35.202847
358,149,2,car,0.82,952.34924,130.63248
358,134,2,car,0.82,1513.2593,436.19302
358,148,2,car,0.72,1114.8477,219.1683
358,174,2,car,0.46,994.4846,69.83154
358,180,2,car,0.51,1182.3926,49.942467
358,68,0,person,0.59,1853.0059,108.36417
358,185,2,car,0.74,1086.5376,103.98838
359,29,2,car,0.41,198.65869,35.15586
359,149,2,car,0.8,952.07587,133.55118
359,134,2,car,0.68,1528.5087,453.71878
359,148,2,car,0.67,1117.0496,226.47565
359,174,2,car,0.49,993.60486,71.83705
359,180,2,car,0.61,1184.9712,53.63433
359,68,0,person,0.54,1852.1384,111.64
359,185,2,car,0.73,1086.2749,107.33362
360,29,2,car,0.43,199.25525,35.64547
360,149,2,car,0.77,952.1721,136.12231
360,134,2,car,0.71,1545.4653,474.83334
360,148,2,car,0.6,1118.8226,235.1831
360,174,2,car,0.56,992.69727,75.21277
360,180,2,car,0.56,1187.0427,55.657906
360,68,0,person,0.48,1852.2559,112.61649
360,185,2,car,0.61,1087.116,110.25129
361,29,2,car,0.53,199.32858,36.221523
361,149,2,car,0.69,951.3921,139.01056
361,134,2,car,0.81,1563.3356,496.0198
361,148,2,car,0.62,1121.6888,242.30649
361,174,2,car,0.69,991.82904,77.06276
361,180,2,car,0.64,1187.5016,59.552513
361,68,0,person,0.6,1852.3469,112.32174
361,185,2,car,0.66,1087.5742,114.46959
362,29,2,car,0.56,199.08347,37.108326
362,149,2,car,0.69,951.34283,144.44836
362,134,2,car,0.74,1582.5896,516.9673
362,148,2,car,0.71,1123.423,251.14102
362,174,2,car,0.58,991.8291,78.60568
362,180,2,car,0.68,1189.3776,63.43552
362,68,0,person,0.62,1852.0156,113.11215
362,185,2,car,0.76,1088.646,118.92441
363,29,2,car,0.58,198.70654,37.29629
363,149,2,car,0.68,950.52826,148.8338
363,134,2,car,0.75,1603.365,541.87506
363,148,2,car,0.67,1125.7235,259.73972
363,174,2,car,0.56,991.6946,80.160965
363,180,2,car,0.67,1190.5996,65.55165
363,68,0,person,0.58,1851.446,113.58716
363,185,2,car,0.81,1089.3407,120.49185
364,29,2,car,0.58,199.58006,37.30705
364,149,2,car,0.69,949.94446,151.46948
364,134,2,car,0.73,1625.2324,565.67645
364,148,2,car,0.72,1128.1575,267.6997
364,174,2,car,0.64,991.7339,80.991615
364,180,2,car,0.62,1192.0356,67.24451
364,68,0,person,0.58,1851.5693,113.94313
364,185,2,car,0.79,1089.8914,122.89584
365,29,2,car,0.55,199.89221,36.60535
365,149,2,car,0.72,949.36163,153.57703
365,134,2,car,0.69,1649.4937,592.0401
365,148,2,car,0.74,1130.8972,274.61313
365,174,2,car,0.61,990.8519,83.087616
365,180,2,car,0.7,1193.3604,68.623116
365,68,0,person,0.52,1852.2244,114.25108
365,185,2,car,0.76,1091.4117,126.14964
366,29,2,car,0.52,199.9294,36.93473
366,149,2,car,0.66,948.8994,155.93922
366,134,2,car,0.64,1676.9841,620.2371
366,148,2,car,0.77,1133.53,282.4655
366,174,2,car,0.62,989.8379,85.90612
366,180,2,car,0.64,1194.7166,70.17605
366,68,0,person,0.54,1852.2448,114.173325
366,185,2,car,0.75,1092.1819,128.94424
367,29,2,car,0.56,198.41357,37.58413
367,149,2,car,0.75,947.7784,157.19301
367,134,6,train,0.78,1706.77,653.2068
367,148,2,car,0.69,1135.6372,288.87122
367,174,2,car,0.64,988.9223,87.87021
367,180,2,car,0.67,1195.8722,71.65342
367,68,0,person,0.54,1851.9863,114.24793
367,185,2,car,0.71,1092.2834,132.85307
368,29,2,car,0.55,199.86035,37.49354
368,149,2,car,0.78,947.5601,161.17096
368,134,6,train,0.47,1723.4893,687.7822
368,148,2,car,0.67,1136.8279,297.00818
368,174,2,car,0.61,988.0807,90.58426
368,180,2,car,0.7,1198.4048,75.22835
368,68,0,person,0.56,1851.7805,115.022285
368,185,2,car,0.68,1093.2482,137.17284
368,191,2,car,0.45,944.3488,19.621126
369,29,2,car,0.58,199.21704,38.021545
369,149,2,car,0.76,946.37646,165.76796
369,134,6,train,0.6,1732.7251,726.06696
369,148,2,car,0.6,1138.9492,306.9727
369,174,2,car,0.53,986.6431,91.90557
369,180,2,car,0.78,1201.185,77.75594
369,68,0,person,0.52,1851.5444,114.53206
369,185,2,car,0.67,1093.6938,140.02284
369,191,2,car,0.52,945.2685,19.010452
369,193,2,car,0.36,1139.031,18.896515
370,29,2,car,0.57,198.86261,37.353416
370,149,2,car,0.78,945.10583,171.21513
370,134,2,car,0.68,1743.3157,768.4158
370,148,2,car,0.7,1142.2686,315.39142
370,174,2,car,0.54,985.7798,94.21131
370,180,2,car,0.78,1204.315,80.26932
370,68,0,person,0.37,1852.3408,114.48934
370,185,2,car,0.67,1095.9655,142.96002
370,191,2,car,0.54,945.6283,18.584991
370,193,2,car,0.32,1140.0316,18.746439
371,29,2,car,0.58,198.32666,38.594185
371,149,2,car,0.83,944.5414,174.51685
371,134,2,car,0.8,1755.7615,809.878
371,148,2,car,0.59,1145.7299,325.66205
371,174,2,car,0.71,984.5674,95.954605
371,180,2,car,0.76,1204.6702,81.8982
371,68,0,person,0.47,1852.2753,114.33107
371,185,2,car,0.71,1097.4495,145.65518
371,191,2,car,0.53,944.0348,18.917635
371,193,2,car,0.32,1139.7429,18.775139
372,29,2,car,0.59,198.60388,38.87989
372,149,2,car,0.83,943.9107,179.39198
372,134,2,car,0.88,1768.6652,837.3359
372,148,2,car,0.53,1149.8608,334.54492
372,174,2,car,0.76,984.13635,99.33453
372,180,2,car,0.75,1205.854,84.060814
372,68,0,person,0.51,1851.755,114.9588
372,185,2,car,0.72,1097.168,150.2269
372,191,2,car,0.54,942.23315,20.181938
372,193,2,car,0.34,1141.0092,19.53058
373,29,2,car,0.56,197.96153,38.87729
373,149,2,car,0.85,942.88306,182.97966
373,134,2,car,0.8,1783.4777,856.4861
373,148,2,car,0.46,1153.2677,345.67523
373,174,2,car,0.74,982.4652,100.9579
373,180,2,car,0.72,1207.8595,85.40102
373,68,0,person,0.54,1851.6296,115.020004
373,185,2,car,0.66,1097.2341,154.53467
373,191,2,car,0.56,942.60974,20.02211
373,193,2,car,0.37,1141.7942,20.352383
374,29,2,car,0.6,196.96832,38.864964
374,149,2,car,0.85,941.7446,186.71173
374,134,2,car,0.88,1799.8918,874.94336
374,148,2,car,0.52,1157.1533,356.35712
374,174,2,car,0.8,981.6397,102.56557
374,180,2,car,0.71,1210.554,88.14096
374,68,0,person,0.49,1851.8743,114.57008
374,185,2,car,0.56,1097.8551,157.4298
374,191,2,car,0.52,940.9599,20.939724
374,193,2,car,0.5,1142.2087,21.30944
375,29,2,car,0.6,196.81491,37.825138
375,149,2,car,0.79,941.68286,189.16507
375,134,2,car,0.69,1817.0061,894.39276
375,148,2,car,0.56,1160.6243,367.02686
375,174,2,car,0.75,980.57367,104.381485
375,180,2,car,0.68,1213.0665,89.85843
375,68,0,person,0.38,1851.9917,114.638016
375,185,2,car,0.56,1099.3499,160.54436
375,191,2,car,0.54,940.17175,20.972668
375,193,2,car,0.39,1143.045,21.996126
376,29,2,car,0.61,197.52505,37.884155
376,149,2,car,0.77,941.1173,193.99924
376,134,2,car,0.76,1837.0721,918.9498
376,148,2,car,0.59,1164.3718,378.36865
376,174,2,car,0.77,979.7915,107.00009
376,180,2,car,0.71,1214.195,92.54657
376,68,0,person,0.38,1851.9907,114.77823
376,185,2,car,0.5,1099.7609,164.186
376,191,2,car,0.58,940.0884,20.979855
376,193,2,car,0.31,1143.6946,22.983053
377,29,2,car,0.57,198.01357,40.12483
377,149,2,car,0.75,940.5165,199.19675
377,148,2,car,0.42,1169.0684,392.53632
377,174,2,car,0.77,978.954,110.04414
377,180,2,car,0.61,1215.2104,95.080536
377,68,0,person,0.53,1851.2314,114.98121
377,185,2,car,0.57,1102.4473,169.83128
377,191,2,car,0.51,939.26904,22.010715
377,193,2,car,0.37,1144.9701,24.55162
378,29,2,car,0.58,198.12958,41.116817
378,149,2,car,0.79,939.92267,202.97104
378,148,2,car,0.51,1172.5242,404.6729
378,174,2,car,0.81,978.4492,113.85199
378,180,2,car,0.51,1217.0935,97.70709
378,68,0,person,0.55,1851.2087,114.62715
378,185,2,car,0.6,1103.155,174.7972
378,191,2,car,0.6,938.92816,22.704748
378,193,2,car,0.29,1146.1472,24.8028
379,29,2,car,0.61,197.84373,41.16436
379,149,2,car,0.77,938.9752,208.68217
379,148,2,car,0.52,1176.6732,414.8236
379,174,2,car,0.8,978.5091,115.81323
379,180,2,car,0.65,1219.7771,100.06474
379,68,0,person,0.47,1851.8883,114.5509
379,185,2,car,0.6,1104.8589,178.17485
379,191,2,car,0.63,939.6791,22.79655
380,29,2,car,0.56,197.83786,41.367744
380,149,2,car,0.77,938.24414,214.582
380,148,2,car,0.49,1181.4736,432.08875
380,174,2,car,0.79,978.6136,118.46379
380,180,2,car,0.65,1222.3928,103.97906
380,68,0,person,0.5,1852.0845,114.5956
380,185,2,car,0.56,1106.9124,180.88055
380,191,2,car,0.6,938.8158,23.252071
380,193,2,car,0.33,1149.0164,26.24361
381,29,2,car,0.56,198.89331,41.60462
381,149,2,car,0.84,937.03094,219.73515
381,148,2,car,0.55,1186.5118,448.5133
381,174,2,car,0.79,977.6884,120.7159
381,180,2,car,0.48,1224.608,107.26834
381,68,0,person,0.53,1851.714,114.37676
381,185,2,car,0.53,1107.0615,186.3392
381,191,2,car,0.61,937.7111,23.76496
381,193,2,car,0.26,1149.9484,26.937408
382,29,2,car,0.57,198.20769,40.888885
382,149,2,car,0.81,936.4551,224.20435
382,148,2,car,0.49,1191.4037,464.33362
382,174,2,car,0.68,976.601,123.062775
382,180,2,car,0.61,1228.3463,111.31622
382,68,0,person,0.44,1852.4341,115.06117
382,185,2,car,0.7,1108.1814,192.59198
382,191,2,car,0.62,937.8907,24.06938
382,193,2,car,0.34,1151.2188,27.441004
382,202,2,car,0.35,1062.9375,23.387842
383,29,2,car,0.52,198.73642,41.575012
383,149,2,car,0.73,935.151,228.13539
383,148,2,car,0.62,1197.0905,480.66275
383,174,2,car,0.71,973.97394,127.1656
383,180,2,car,0.65,1230.7108,113.6797
383,68,0,person,0.49,1852.4966,114.52934
383,185,2,car,0.72,1109.1327,196.91545
383,191,2,car,0.52,934.62854,25.163622
383,193,2,car,0.52,1151.4407,28.664478
383,202,2,car,0.36,1064.6256,23.366241
384,29,2,car,0.54,199.10815,41.72705
384,149,2,car,0.79,934.65186,232.07077
384,148,2,car,0.56,1204.3264,508.54434
384,174,2,car,0.73,973.1928,130.42146
384,180,2,car,0.7,1233.4076,116.73788
384,68,0,person,0.45,1852.7996,114.973785
384,185,2,car,0.71,1110.6593,199.71454
384,191,2,car,0.47,933.01184,26.277887
384,193,2,car,0.45,1153.0337,29.534302
384,202,2,car,0.3,1064.221,25.036112
385,29,2,car,0.52,199.0154,41.686295
385,149,2,car,0.8,933.6296,238.64719
385,148,2,car,0.72,1211.0801,523.6734
385,174,2,car,0.72,972.5751,132.7545
385,180,2,car,0.73,1236.5663,120.155624
385,68,0,person,0.42,1852.9967,115.715645
385,185,2,car,0.72,1111.8706,204.65082
385,191,2,car,0.44,934.6598,26.162174
385,193,2,car,0.52,1154.1062,30.987568
385,202,2,car,0.33,1064.2219,26.804358
386,29,2,car,0.48,199.65665,42.797028
386,149,2,car,0.76,933.2013,245.05447
386,148,2,car,0.63,1218.5698,541.8844
386,174,2,car,0.72,971.6942,135.59216
386,180,2,car,0.68,1239.3248,123.19353
386,68,0,person,0.46,1852.3354,116.048294
386,185,2,car,0.75,1113.4951,211.2901
386,191,2,car,0.39,933.65515,28.157635
386,193,2,car,0.42,1155.2874,32.030853
387,29,2,car,0.55,198.47461,44.52027
387,149,2,car,0.73,932.3884,250.86499
387,148,2,car,0.65,1225.8312,565.1303
387,174,2,car,0.66,970.6065,140.75327
387,180,2,car,0.69,1242.5352,126.26877
387,68,0,person,0.45,1853.178,116.68674
387,185,2,car,0.62,1116.2559,218.94165
387,191,2,car,0.46,932.05426,29.765821
387,193,2,car,0.46,1155.9296,38.681488
388,29,2,car,0.52,199.22765,45.530144
388,149,2,car,0.76,931.0333,258.888
388,148,2,car,0.48,1233.7412,590.93115
388,174,2,car,0.68,969.51135,144.7249
388,180,2,car,0.59,1245.8337,130.52904
388,68,0,person,0.35,1853.8994,116.464386
388,185,2,car,0.69,1117.2163,226.63242
388,191,2,car,0.53,931.03,32.248928
388,193,2,car,0.57,1156.4795,41.887672
389,29,2,car,0.64,200.70529,50.427467
389,149,2,car,0.74,930.64575,266.13196
389,148,2,car,0.43,1241.9583,618.254
389,174,2,car,0.71,967.80286,149.7355
389,180,2,car,0.74,1248.5487,139.05478
389,68,0,person,0.26,1853.0704,122.07231
389,185,2,car,0.46,1119.125,236.5842
389,191,2,car,0.51,929.16956,37.659767
389,193,2,car,0.64,1157.6473,46.754635
390,29,2,car,0.65,202.76059,52.158825
390,149,2,car,0.68,929.6111,275.04343
390,148,2,car,0.77,1251.7664,648.75903
390,174,2,car,0.73,967.3225,155.13947
390,180,2,car,0.68,1251.1382,145.64114
390,68,0,person,0.47,1853.2119,126.12315
390,185,2,car,0.55,1121.3153,243.6094
390,191,2,car,0.49,927.4373,39.80145
390,193,2,car,0.53,1159.3033,49.12668
390,206,2,car,0.4,416.40323,21.572632
391,29,2,car,0.6,201.09613,54.736427
391,149,2,car,0.76,928.5748,283.53165
391,148,2,car,0.72,1262.2166,682.69006
391,174,2,car,0.77,966.01733,160.45021
391,180,2,car,0.75,1254.1313,150.52824
391,68,0,person,0.57,1853.1807,127.20882
391,185,2,car,0.68,1123.9465,251.2173
391,191,2,car,0.41,927.1073,42.062565
391,193,2,car,0.66,1160.604,52.024353
391,206,2,car,0.41,416.4463,22.540716
392,29,2,car,0.64,201.6842,57.3872
392,149,2,car,0.69,928.2471,291.19424
392,148,2,car,0.84,1273.0518,716.0485
392,174,2,car,0.8,965.5354,166.63269
392,180,2,car,0.78,1258.7554,155.33115
392,68,0,person,0.4,1853.7051,127.960846
392,185,2,car,0.67,1126.6383,259.2185
392,191,2,car,0.37,926.8885,46.79509
392,193,2,car,0.65,1162.8907,56.213737
392,206,2,car,0.45,416.7445,24.133238
393,29,2,car,0.68,204.18642,58.76573
393,149,2,car,0.7,926.3545,302.08307
393,148,2,car,0.85,1285.5906,754.9398
393,174,2,car,0.77,965.6909,171.36673
393,180,2,car,0.84,1262.3286,162.26965
393,68,0,person,0.48,1853.8965,128.68303
393,185,2,car,0.55,1129.3264,268.57324
393,191,2,car,0.39,925.6196,50.144608
393,193,2,car,0.72,1165.1304,59.907097
393,206,2,car,0.44,417.83823,25.907682
393,202,2,car,0.35,1065.8281,51.16082
394,29,2,car,0.72,204.1831,61.89743
394,149,2,car,0.8,924.81866,311.60324
394,148,2,car,0.74,1299.2932,797.7162
394,174,2,car,0.81,963.91455,177.70404
394,180,2,car,0.82,1265.927,168.7956
394,68,0,person,0.34,1853.5212,130.431
394,185,2,car,0.58,1130.8733,277.36566
394,191,2,car,0.49,924.50165,55.288483
394,193,2,car,0.69,1166.3467,62.721462
394,206,2,car,0.54,417.14697,30.601189
394,202,2,car,0.52,1066.7368,53.51792
395,29,2,car,0.71,204.49289,68.825226
395,149,2,car,0.73,924.28674,326.0475
395,148,2,car,0.73,1314.0431,840.2046
395,174,2,car,0.72,963.8343,187.068
395,180,2,car,0.84,1269.4014,178.44855
395,68,0,person,0.4,1852.5518,136.06688
395,185,2,car,0.63,1133.235,290.17578
395,191,2,car,0.65,923.9087,63.345886
395,193,2,car,0.65,1167.2625,72.64702
395,206,2,car,0.68,418.07736,37.175877
395,202,2,car,0.45,1066.6576,61.92694
396,29,2,car,0.72,205.90985,72.8479
396,149,2,car,0.85,923.43066,338.15436
396,148,2,car,0.43,1329.0955,866.8078
396,174,2,car,0.67,963.80383,194.45485
396,180,2,car,0.8,1272.8186,187.4258
396,68,0,person,0.39,1852.9404,139.09427
396,185,2,car,0.7,1134.8086,300.99387
396,191,2,car,0.58,923.40063,67.23035
396,193,2,car,0.74,1167.9684,77.707016
396,206,2,car,0.66,419.148,39.68493
396,202,2,car,0.49,1067.6907,68.06261
397,29,2,car,0.57,206.64508,78.049904
397,149,2,car,0.7,922.1721,352.00427
397,148,2,car,0.52,1342.7727,886.11975
397,174,2,car,0.75,961.48883,203.55418
397,180,2,car,0.79,1277.1709,196.91647
397,68,0,person,0.35,1853.9661,146.36533
397,185,2,car,0.62,1137.5083,314.02014
397,191,2,car,0.57,922.5499,72.43839
397,193,2,car,0.8,1169.3364,83.62557
397,206,2,car,0.65,418.13565,45.149384
397,202,2,car,0.45,1067.3643,74.33091
397,210,2,car,0.45,1108.5613,45.77423
397,211,2,car,0.35,507.51526,29.713814
398,29,2,car,0.67,206.94585,83.84219
398,149,2,car,0.84,920.05634,366.3371
398,148,2,car,0.52,1351.0232,907.62494
398,174,2,car,0.74,961.6411,212.1425
398,180,2,car,0.8,1282.4052,207.22491
398,68,0,person,0.45,1852.674,153.12056
398,185,2,car,0.65,1139.7806,327.42108
398,191,2,car,0.47,922.0051,81.01109
398,193,2,car,0.74,1169.7278,90.195786
398,206,2,car,0.72,418.7439,51.359966
398,202,2,car,0.59,1068.6199,79.16736
398,210,2,car,0.42,1109.3042,53.235046
398,211,2,car,0.46,509.97305,38.816326
399,29,2,car,0.58,207.19826,88.72381
399,149,2,car,0.74,918.5537,378.66107
399,148,2,car,0.55,1356.9836,929.8097
399,174,2,car,0.71,961.05237,221.41217
399,180,2,car,0.68,1286.6632,216.23271
399,68,0,person,0.3,1852.3333,159.25455
399,185,2,car,0.58,1143.0183,340.29205
399,191,2,car,0.54,921.89294,87.316246
399,193,2,car,0.67,1172.098,96.3713
399,206,2,car,0.69,419.57687,56.80887
399,202,2,car,0.6,1069.0325,86.097534
399,211,2,car,0.48,509.21204,41.726585
400,29,2,car,0.63,206.81123,92.11142
400,149,2,car,0.75,916.9673,389.05777
400,148,2,car,0.59,1365.9447,953.0918
400,174,2,car,0.73,959.8267,228.36469
400,180,2,car,0.74,1290.2717,223.30377
400,68,0,person,0.53,1852.1414,161.58305
400,185,2,car,0.59,1146.5691,351.60602
400,191,2,car,0.5,921.9053,90.04864
400,193,2,car,0.67,1172.921,101.91884
400,206,2,car,0.69,419.6737,59.52672
400,202,2,car,0.38,1069.4702,90.65016
400,211,2,car,0.38,509.6501,42.21856
400,210,2,car,0.29,1111.9679,63.319695
401,29,2,car,0.65,207.99997,94.12463
401,149,2,car,0.75,914.9606,400.56152
401,174,2,car,0.71,959.80316,233.89218
401,180,2,car,0.7,1295.0979,229.34949
401,68,0,person,0.56,1853.089,161.857
401,185,2,car,0.51,1149.2921,360.9356
401,191,2,car,0.56,921.12964,92.74716
401,193,2,car,0.68,1174.9048,105.44672
401,206,2,car,0.73,419.28766,60.63189
401,202,2,car,0.4,1069.6035,93.53108
401,211,2,car,0.54,509.32733,43.711895
401,210,2,car,0.48,1113.374,65.18038
402,29,2,car,0.61,208.56589,95.00032
402,149,2,car,0.78,913.2041,411.49298
402,174,2,car,0.67,958.31616,238.46606
402,180,2,car,0.75,1300.1333,235.74658
402,68,0,person,0.51,1853.1434,162.98
402,185,2,car,0.66,1153.6024,373.66473
402,191,2,car,0.69,919.63666,94.767
402,193,2,car,0.65,1176.1965,107.72577
402,206,2,car,0.71,419.5546,61.546753
402,202,2,car,0.48,1070.4761,95.37456
402,211,2,car,0.49,510.2681,44.798393
402,210,2,car,0.44,1115.0922,66.40051
403,29,2,car,0.71,209.19202,95.81552
403,149,2,car,0.77,912.1654,423.58514
403,174,2,car,0.61,957.2461,244.14752
403,180,2,car,0.76,1305.5524,242.41995
403,68,0,person,0.49,1853.2871,163.61993
403,185,2,car,0.63,1158.1215,384.04727
403,191,2,car,0.7,917.51855,97.09115
403,193,2,car,0.62,1177.846,109.64142
403,206,2,car,0.67,419.9931,61.858196
403,202,2,car,0.54,1071.1304,97.52349
403,211,2,car,0.54,510.5135,46.945538
403,210,2,car,0.43,1116.9551,68.41997
404,29,2,car,0.69,209.88675,96.04228
404,149,2,car,0.79,911.61304,433.29865
404,174,2,car,0.74,955.9396,248.86954
404,180,2,car,0.78,1310.2402,249.7131
404,68,0,person,0.54,1854.9441,162.39458
404,185,2,car,0.61,1162.3286,395.5077
404,191,2,car,0.61,917.87286,98.855606
404,193,2,car,0.69,1179.489,112.869675
404,206,2,car,0.56,420.9887,63.42791
404,202,2,car,0.54,1071.9606,100.48015
404,211,2,car,0.56,510.62143,48.339806
404,210,2,car,0.48,1118.418,70.46576
405,29,2,car,0.7,210.36423,98.38391
405,149,2,car,0.73,909.7422,445.77844
405,174,2,car,0.66,955.54034,255.97086
405,180,2,car,0.78,1316.3586,255.94225
405,68,0,person,0.46,1854.1198,166.01776
405,185,2,car,0.53,1166.4028,406.779
405,191,2,car,0.72,917.82117,101.31775
405,193,2,car,0.65,1183.1833,116.183395
405,206,2,car,0.55,421.9632,65.324326
405,202,2,car,0.54,1073.0808,102.24272
405,211,2,car,0.59,511.02277,49.963127
405,210,2,car,0.41,1118.7125,74.41756
406,29,2,car,0.67,210.6008,100.22955
406,149,2,car,0.71,907.3913,460.5452
406,174,2,car,0.73,955.17505,262.27197
406,180,2,car,0.71,1323.6096,263.0267
406,68,0,person,0.53,1855.6371,169.57718
406,185,2,car,0.73,1169.8839,422.73254
406,191,2,car,0.74,916.73865,104.36647
406,193,2,car,0.6,1185.9563,119.41882
406,206,2,car,0.47,422.5725,67.39096
406,202,2,car,0.53,1073.3157,103.609
406,211,2,car,0.57,511.38492,52.276146
406,210,2,car,0.3,1120.7455,79.08725
406,230,2,car,0.37,596.0416,44.893837
407,29,2,car,0.64,211.17609,102.513275
407,149,2,car,0.81,905.21655,474.7155
407,174,2,car,0.69,952.8014,269.94147
407,180,2,car,0.7,1328.3003,273.42865
407,68,0,person,0.54,1855.4779,173.48174
407,185,2,car,0.71,1174.7329,439.57758
407,191,2,car,0.67,915.40576,109.82008
407,193,2,car,0.67,1188.8953,125.398384
407,206,2,car,0.47,424.0608,68.93674
407,202,2,car,0.6,1074.8804,108.6642
407,211,2,car,0.51,512.7804,53.540024
407,230,2,car,0.37,596.62976,47.446854
408,29,2,car,0.64,212.56778,106.04852
408,149,2,car,0.8,903.5144,491.8545
408,174,2,car,0.69,951.13403,279.60052
408,180,2,car,0.78,1333.0806,283.24225
408,68,0,person,0.5,1854.9712,176.74066
408,185,2,car,0.76,1179.2397,454.91455
408,191,2,car,0.63,916.61523,114.71724
408,193,2,car,0.82,1190.6084,131.92351
408,206,2,car,0.48,425.2666,74.163185
408,202,2,car,0.61,1074.737,112.6923
408,211,2,car,0.39,513.579,58.12892
408,210,2,car,0.29,1124.1667,85.61453
409,29,2,car,0.72,213.08498,109.57766
409,149,2,car,0.84,901.97473,508.43143
409,174,2,car,0.62,950.4968,288.50922
409,180,2,car,0.74,1342.5555,293.1534
409,68,0,person,0.46,1855.8301,179.96635
409,185,2,car,0.72,1184.3496,475.7547
409,191,2,car,0.64,915.17334,118.21585
409,193,2,car,0.8,1191.4548,137.19165
409,206,2,car,0.54,424.51752,78.26514
409,202,2,car,0.57,1074.6381,114.96922
409,211,2,car,0.38,513.3426,60.491867
409,210,2,car,0.46,1124.7192,90.442474
410,29,2,car,0.69,212.59451,111.57114
410,149,2,car,0.7,900.57715,525.4535
410,174,2,car,0.63,949.21124,294.64508
410,180,2,car,0.77,1348.4935,301.16812
410,68,0,person,0.56,1857.3167,180.8147
410,185,2,car,0.61,1189.8289,488.94354
410,191,2,car,0.67,913.06757,120.5098
410,193,2,car,0.57,1193.6095,140.22417
410,206,2,car,0.48,424.70416,80.4801
410,202,2,car,0.55,1076.2932,118.31304
410,211,2,car,0.35,511.9879,61.789818
410,210,2,car,0.38,1124.9072,91.80971
410,232,2,car,0.37,957.7234,45.298637
411,29,2,car,0.62,213.27362,112.57643
411,149,2,car,0.71,898.2937,540.9529
411,174,2,car,0.67,949.33887,300.5005
411,180,2,car,0.68,1353.5537,308.80008
411,68,0,person,0.56,1857.2568,182.81909
411,185,2,car,0.64,1195.3004,505.03687
411,191,2,car,0.66,913.0548,121.88492
411,193,2,car,0.69,1195.8774,142.68245
411,206,2,car,0.5,425.47266,82.392586
411,202,2,car,0.45,1077.0602,120.93332
411,211,2,car,0.43,512.9608,62.847763
411,210,2,car,0.34,1126.9366,92.95552
411,232,2,car,0.27,958.47125,45.833626
411,235,2,car,0.4,1054.7825,63.3173
412,29,2,car,0.57,212.98868,114.20509
412,149,2,car,0.71,894.16425,559.01166
412,174,2,car,0.64,947.6239,307.9676
412,180,2,car,0.73,1360.4843,316.8794
412,68,0,person,0.46,1857.3074,183.46298
412,185,2,car,0.6,1200.9985,527.79407
412,191,2,car,0.69,913.063,126.689545
412,193,2,car,0.74,1197.5756,146.01245
412,206,2,car,0.49,423.38354,83.92587
412,202,2,car,0.43,1077.5093,124.57591
412,211,2,car,0.35,513.69525,63.441456
412,210,2,car,0.47,1129.7908,95.62918
412,232,2,car,0.31,959.54663,47.80967
412,235,2,car,0.3,1055.6777,66.254364
413,29,2,car,0.64,213.52951,115.71237
413,149,2,car,0.81,892.5901,579.02637
413,174,2,car,0.67,947.1817,314.93735
413,180,2,car,0.69,1367.3796,326.74518
413,68,0,person,0.46,1856.8005,184.95596
413,185,2,car,0.69,1205.785,550.91144
413,191,2,car,0.57,911.7554,129.09682
413,193,2,car,0.65,1200.47,150.1574
413,206,2,car,0.4,427.19104,83.231705
413,202,2,car,0.63,1078.2703,130.19084
413,211,2,car,0.32,514.6343,63.832382
413,210,2,car,0.55,1131.0232,99.79438
413,235,2,car,0.58,1055.6179,68.4471
414,29,2,car,0.72,213.8789,118.4371
414,149,2,car,0.77,889.2931,598.4496
414,174,2,car,0.71,946.35223,322.49713
414,180,2,car,0.57,1378.1484,336.62848
414,68,0,person,0.49,1855.9479,185.25389
414,185,2,car,0.59,1212.6401,567.429
414,191,2,car,0.65,910.1588,130.88531
414,193,2,car,0.77,1200.3544,153.68816
414,206,2,car,0.41,427.5613,84.80563
414,202,2,car,0.68,1078.2571,132.16751
414,211,2,car,0.44,514.3221,66.72065
414,210,2,car,0.47,1131.4518,102.25403
414,235,2,car,0.56,1055.5454,70.608574
414,232,2,car,0.33,960.4204,51.893005
415,29,2,car,0.73,214.09033,118.828514
415,149,2,car,0.8,886.95593,618.5645
415,174,2,car,0.75,945.5682,329.69995
415,180,2,car,0.59,1384.7727,344.24628
415,68,0,person,0.45,1858.0037,184.41885
415,185,2,car,0.65,1219.6774,585.153
415,191,2,car,0.62,908.88354,134.52629
415,193,2,car,0.75,1203.0801,156.58199
415,206,2,car,0.49,428.2505,85.46327
415,202,2,car,0.59,1079.2888,134.71143
415,211,2,car,0.45,514.4505,67.54562
415,210,2,car,0.28,1133.4592,102.65845
415,235,2,car,0.45,1055.2424,70.78991
415,232,2,car,0.33,961.83624,53.106308
416,29,2,car,0.7,214.9599,118.21295
416,149,2,car,0.62,882.4276,642.6506
416,174,2,car,0.88,943.9796,336.7513
416,180,2,car,0.67,1392.6307,352.67206
416,68,0,person,0.39,1858.0398,185.08138
416,185,2,car,0.71,1226.7158,601.7015
416,191,2,car,0.55,909.74634,136.41797
416,193,2,car,0.76,1206.407,160.27255
416,206,2,car,0.57,427.87708,86.096344
416,202,2,car,0.58,1079.2017,136.16472
416,211,2,car,0.46,515.4828,69.45859
416,210,2,car,0.38,1134.7024,104.33215
416,235,2,car,0.43,1055.4352,71.754845
416,232,2,car,0.27,960.8019,55.28817
417,29,2,car,0.79,215.5886,120.72117
417,149,2,car,0.81,879.3557,662.7624
417,174,2,car,0.79,942.4762,342.89655
417,180,2,car,0.78,1401.2222,363.4834
417,68,0,person,0.39,1857.5992,186.207
417,185,2,car,0.67,1234.5758,622.8499
417,191,2,car,0.58,908.475,138.15097
417,193,2,car,0.78,1209.1406,163.34653
417,206,2,car,0.46,428.48874,87.29078
417,202,2,car,0.59,1079.352,138.05138
417,211,2,car,0.55,515.74384,71.460144
417,210,2,car,0.55,1136.7812,107.01647
417,235,2,car,0.42,1055.4899,72.703636
417,232,2,car,0.4,961.7726,56.70117
417,230,2,car,0.27,602.14197,65.590454
418,29,2,car,0.76,215.6506,120.920044
418,149,2,car,0.75,874.96704,687.32874
418,174,2,car,0.74,940.5082,351.12128
418,180,2,car,0.69,1409.5624,373.44226
418,68,0,person,0.36,1858.2217,187.77368
418,185,2,car,0.71,1244.0586,644.1515
418,191,2,car,0.63,907.2179,140.161
418,193,2,car,0.74,1212.2375,166.51477
418,206,2,car,0.47,428.70853,87.60535
418,202,2,car,0.69,1079.8657,140.25464
418,211,2,car,0.54,515.98663,72.058945
418,210,2,car,0.35,1138.6985,109.234505
418,235,2,car,0.3,1056.2874,72.70004
418,232,2,car,0.3,963.06586,56.972687
418,230,2,car,0.29,601.2451,65.5236
419,29,2,car,0.71,215.35391,120.640915
419,149,2,car,0.71,870.32654,715.63
419,174,2,car,0.74,939.95105,357.32788
419,180,2,car,0.53,1419.096,381.09332
419,68,0,person,0.39,1858.3142,188.78378
419,185,2,car,0.8,1253.5039,668.7678
419,191,2,car,0.68,906.5624,141.00488
419,193,2,car,0.75,1213.1907,168.5159
419,206,2,car,0.42,428.43982,88.47397
419,202,2,car,0.63,1080.498,140.54546
419,211,2,car,0.48,516.22327,72.55788
419,210,2,car,0.61,1140.4575,110.4504
419,235,2,car,0.36,1057.5862,74.091705
419,230,2,car,0.31,601.31866,65.79997
420,29,2,car,0.59,215.96094,123.8725
420,149,2,car,0.79,866.65485,740.47437
420,174,2,car,0.68,937.5947,366.06305
420,180,2,car,0.46,1429.5425,395.0288
420,68,0,person,0.47,1858.5764,188.93425
420,185,2,car,0.76,1262.8948,696.603
420,191,2,car,0.64,905.1045,143.86917
420,193,2,car,0.56,1214.2251,172.11255
420,206,2,car,0.46,428.61234,91.712234
420,202,2,car,0.62,1080.377,143.78168
420,211,2,car,0.53,515.536,75.72395
420,210,2,car,0.43,1141.4146,113.49431
420,235,2,car,0.56,1057.2253,77.07165
420,243,7,truck,0.43,1429.6497,394.82565
421,29,2,car,0.59,217.29425,125.07973
421,149,2,car,0.76,861.3855,770.6554
421,174,2,car,0.73,935.309,375.90768
421,180,2,car,0.74,1440.0464,408.32465
421,68,0,person,0.53,1858.4834,194.92816
421,185,2,car,0.81,1274.0609,726.6858
421,191,2,car,0.69,904.1566,148.20398
421,193,2,car,0.76,1217.0149,176.71689
421,206,2,car,0.55,429.24805,94.27891
421,202,2,car,0.67,1080.8794,147.22662
421,211,2,car,0.44,516.3109,76.81692
421,210,2,car,0.54,1143.5385,116.02705
421,235,2,car,0.46,1057.2626,81.23415
421,230,2,car,0.31,602.155,69.80462
422,29,2,car,0.66,217.46872,127.21431
422,149,2,car,0.79,855.70447,801.44714
422,174,2,car,0.52,933.98047,386.66812
422,180,2,car,0.65,1450.9564,420.88013
422,68,0,person,0.4,1857.554,196.63684
422,185,2,car,0.84,1286.0513,753.48755
422,191,2,car,0.71,903.86694,150.86415
422,193,2,car,0.77,1218.7971,180.37299
422,206,2,car,0.61,429.60526,95.79821
422,202,2,car,0.69,1081.5283,151.2052
422,211,2,car,0.53,516.26654,77.66682
422,210,2,car,0.65,1144.5868,118.7222
422,235,2,car,0.5,1057.8491,80.06502
422,232,2,car,0.46,961.14716,61.550014
423,29,2,car,0.67,217.44057,128.16006
423,149,2,car,0.87,851.3139,838.39746
423,174,2,car,0.74,932.8289,393.7402
423,180,2,car,0.68,1462.6951,433.3402
423,68,0,person,0.46,1858.6366,198.3494
423,185,2,car,0.82,1298.4851,789.594
423,191,2,car,0.76,902.6663,153.95102
423,193,2,car,0.68,1222.4186,182.98141
423,206,2,car,0.57,430.08408,96.81535
423,202,2,car,0.68,1083.3057,154.35645
423,211,2,car,0.31,516.8206,79.04349
423,210,2,car,0.67,1145.8792,121.36215
423,235,2,car,0.54,1058.7156,84.907585
423,232,2,car,0.34,962.0443,62.71297
423,230,2,car,0.26,601.95325,73.1431
424,29,2,car,0.69,218.16817,129.82388
424,149,2,car,0.88,844.9241,872.90845
424,174,2,car,0.54,930.9779,402.47888
424,180,2,car,0.71,1476.2109,446.294
424,68,0,person,0.37,1858.5795,199.26276
424,185,2,car,0.83,1313.8148,830.28467
424,191,2,car,0.74,901.7892,155.64874
424,193,2,car,0.66,1226.887,186.70267
424,206,2,car,0.53,430.36145,97.25394
424,202,2,car,0.73,1083.9143,156.62393
424,211,2,car,0.34,517.2966,80.73645
424,210,2,car,0.58,1147.3727,124.3098
424,235,2,car,0.58,1059.588,87.00164
424,232,2,car,0.44,961.98987,63.136063
424,230,2,car,0.26,602.0939,74.12657
425,29,2,car,0.71,218.1839,130.57489
425,149,2,car,0.82,837.80493,894.15497
425,174,2,car,0.49,929.1324,415.10104
425,180,2,car,0.68,1488.8271,459.3686
425,68,0,person,0.41,1858.1356,198.69821
425,185,2,car,0.6,1328.3445,853.2698
425,191,2,car,0.67,900.29803,156.10953
425,193,2,car,0.71,1229.8218,191.0029
425,206,2,car,0.56,430.94406,98.11163
425,202,2,car,0.67,1083.8247,159.69872
425,211,2,car,0.33,517.5373,80.996506
425,210,2,car,0.6,1148.6846,125.68463
425,235,2,car,0.47,1059.5034,88.423744
425,232,2,car,0.44,961.65967,63.222023
426,29,2,car,0.75,219.17796,133.01321
426,149,2,car,0.69,831.1927,909.0276
426,174,2,car,0.48,927.62665,425.02286
426,180,2,car,0.63,1503.7803,474.55557
426,68,0,person,0.44,1859.7241,198.83713
426,185,5,bus,0.56,1347.3342,867.9018
426,191,2,car,0.55,899.20544,159.93153
426,193,2,car,0.81,1231.5784,194.78918
426,206,2,car,0.67,432.40207,99.241165
426,202,2,car,0.56,1084.1033,162.46625
426,211,2,car,0.32,518.66235,84.10416
426,210,2,car,0.49,1149.0887,127.62244
426,235,2,car,0.55,1058.6993,87.78679
426,232,2,car,0.49,961.9229,64.55061
427,29,2,car,0.74,218.51321,133.64265
427,149,2,car,0.78,825.6583,925.0027
427,174,2,car,0.54,925.6958,435.98328
427,180,2,car,0.66,1518.1165,490.29227
427,68,0,person,0.38,1860.6797,197.92557
427,185,2,car,0.53,1362.1548,881.6765
427,191,2,car,0.49,897.6636,162.94891
427,193,2,car,0.68,1233.3472,199.51901
427,206,2,car,0.66,432.9797,98.60855
427,202,2,car,0.57,1084.5037,164.5906
427,211,2,car,0.36,518.8051,84.92622
427,210,2,car,0.32,1150.5339,130.28555
427,235,2,car,0.68,1059.8442,90.49829
427,232,2,car,0.48,962.13855,65.58095
427,249,7,truck,0.37,1364.0953,877.7471
428,29,2,car,0.79,218.47751,134.14426
428,149,2,car,0.71,820.7809,943.2979
428,174,2,car,0.52,922.04517,445.63766
428,180,2,car,0.64,1534.462,507.94247
428,68,0,person,0.36,1859.8296,196.88246
428,185,7,truck,0.42,1374.6072,898.1682
428,191,2,car,0.62,896.28784,165.16057
428,193,2,car,0.6,1236.8118,202.41318
428,206,2,car,0.67,432.03717,99.05449
428,202,2,car,0.63,1084.7842,166.46428
428,211,2,car,0.35,518.17395,85.0831
428,210,2,car,0.46,1151.5848,131.19489
428,235,2,car,0.58,1059.9526,94.10487
428,232,2,car,0.43,962.51385,65.82936
428,249,5,bus,0.46,1372.8953,894.10767
429,29,2,car,0.71,217.97237,134.85863
429,149,2,car,0.71,819.99896,963.0501
429,174,2,car,0.55,920.5682,457.08643
429,180,2,car,0.77,1551.9465,526.08154
429,68,0,person,0.43,1860.7512,198.78006
429,185,7,truck,0.4,1393.9692,913.5205
429,191,2,car,0.66,895.9972,167.11436
429,193,2,car,0.64,1242.1931,207.4544
429,206,2,car,0.67,432.39456,101.12369
429,202,2,car,0.73,1085.3435,168.26428
429,211,2,car,0.4,518.9614,86.1711
429,210,2,car,0.52,1153.2605,133.28874
429,235,2,car,0.6,1060.1511,94.5482
429,232,2,car,0.32,963.1615,66.39284
429,249,2,car,0.42,1394.7632,910.5556
429,230,2,car,0.28,604.09753,79.664536
430,29,2,car,0.71,217.74883,135.52945
430,149,2,car,0.42,818.5984,984.88025
430,174,2,car,0.41,919.06537,478.25867
430,180,2,car,0.75,1570.2393,545.64996
430,68,0,person,0.5,1860.9417,199.82819
430,191,2,car,0.69,894.9943,168.90874
430,193,2,car,0.68,1245.2777,210.82167
430,206,2,car,0.62,432.3727,102.530075
430,202,2,car,0.68,1085.5564,169.61201
430,211,2,car,0.58,518.6719,87.35445
430,210,2,car,0.55,1154.3098,136.22406
430,235,2,car,0.58,1060.5161,96.129715
430,232,2,car,0.4,963.0049,66.6727
430,249,2,car,0.73,1396.168,928.5941
431,29,2,car,0.72,218.26544,136.69965
431,174,2,car,0.45,917.18646,484.74542
431,180,2,car,0.72,1589.7153,565.968
431,68,0,person,0.57,1861.4805,200.70645
431,191,2,car,0.75,892.6967,171.33118
431,193,2,car,0.56,1249.3333,214.95667
431,206,2,car,0.61,432.59048,104.0827
431,202,2,car,0.77,1086.2911,173.61786
431,211,2,car,0.59,519.1725,88.70235
431,210,2,car,0.55,1156.8113,138.01596
431,235,2,car,0.51,1059.6918,97.728386
431,232,2,car,0.54,963.7882,68.00555
432,29,2,car,0.7,218.9336,139.27872
432,174,2,car,0.5,915.84827,494.195
432,180,2,car,0.62,1610.5933,587.2951
432,68,0,person,0.57,1861.2648,203.77843
432,191,2,car,0.74,891.65546,173.83255
432,193,2,car,0.62,1252.9772,219.33008
432,206,2,car,0.67,431.9608,105.30403
432,202,2,car,0.69,1087.7711,178.27167
432,211,2,car,0.6,519.0629,90.42536
432,210,2,car,0.62,1159.2228,140.99217
432,235,2,car,0.52,1060.3518,99.71336
432,232,2,car,0.45,964.2329,70.12117
433,29,2,car,0.71,219.39894,140.31007
433,174,2,car,0.59,914.20105,506.96576
433,180,2,car,0.53,1633.7407,611.0972
433,68,0,person,0.61,1860.9478,206.43417
433,191,2,car,0.79,890.7218,175.99057
433,193,2,car,0.69,1254.7288,222.71593
433,206,2,car,0.64,432.05408,106.04088
433,202,2,car,0.71,1088.2407,181.47995
433,211,2,car,0.55,519.1097,91.092255
433,210,2,car,0.72,1161.093,143.6494
433,235,2,car,0.56,1059.5293,101.75757
433,232,2,car,0.51,964.4547,73.012764
433,230,2,car,0.33,605.81354,86.3522
434,29,2,car,0.73,218.58215,141.82848
434,174,2,car,0.61,911.43024,522.5991
434,180,2,car,0.68,1657.4047,636.94855
434,68,0,person,0.53,1860.6772,207.1196
434,191,2,car,0.76,890.14246,178.6806
434,193,2,car,0.77,1258.3018,225.79099
434,206,2,car,0.67,432.51196,107.68727
434,202,2,car,0.67,1088.2914,184.39264
434,211,2,car,0.56,519.2003,92.93574
434,210,2,car,0.63,1162.2778,146.33313
434,235,2,car,0.47,1059.7693,103.78023
434,232,2,car,0.41,965.3555,73.47409
434,230,2,car,0.38,607.0996,87.396774
435,29,2,car,0.74,220.44289,142.52046
435,174,2,car,0.59,908.5029,537.501
435,180,2,car,0.53,1686.096,663.13995
435,68,0,person,0.56,1860.252,209.06824
435,191,2,car,0.72,889.7318,181.08878
435,193,2,car,0.75,1261.828,230.37347
435,206,2,car,0.58,434.15912,108.5361
435,202,2,car,0.58,1089.5823,187.01997
435,211,2,car,0.59,520.91864,93.55101
435,210,2,car,0.71,1164.8756,148.21565
435,235,2,car,0.51,1060.1356,106.67548
435,232,2,car,0.4,965.2373,76.25585
435,230,2,car,0.4,607.5617,88.247154
436,29,2,car,0.69,220.70224,142.78206
436,174,2,car,0.66,905.6459,552.94543
436,180,2,car,0.53,1714.5991,693.1957
436,68,0,person,0.54,1860.2236,209.85226
436,191,2,car,0.66,888.47,186.05713
436,193,2,car,0.7,1264.2795,234.96382
436,206,2,car,0.61,433.50354,109.47104
436,202,2,car,0.75,1090.8226,189.80864
436,211,2,car,0.57,521.7671,94.91328
436,210,2,car,0.69,1166.9965,149.7633
436,235,2,car,0.55,1061.8774,108.9547
436,232,2,car,0.41,965.61743,78.34262
436,230,2,car,0.35,607.59094,88.399216
437,29,2,car,0.76,221.19205,144.15694
437,174,2,car,0.7,903.54266,570.7345
437,180,2,car,0.62,1732.2532,725.95624
437,68,0,person,0.6,1861.0244,209.16019
437,191,2,car,0.68,886.6656,189.58102
437,193,2,car,0.73,1269.6226,241.52524
437,206,2,car,0.49,433.06146,111.90066
437,202,2,car,0.71,1091.7942,192.2822
437,211,2,car,0.54,521.0663,96.34778
437,210,2,car,0.61,1168.083,151.48087
437,235,2,car,0.41,1061.724,110.13942
437,232,2,car,0.37,965.1022,80.21469
437,230,2,car,0.32,606.8138,89.026
438,29,2,car,0.76,222.16641,144.20445
438,174,2,car,0.76,900.5473,588.86786
438,180,2,car,0.8,1742.04,763.4846
438,68,0,person,0.52,1862.121,209.99835
438,191,2,car,0.68,884.4698,191.26648
438,193,2,car,0.77,1273.0801,246.5632
438,206,2,car,0.48,433.37805,112.47485
438,202,2,car,0.73,1092.7698,195.60367
438,211,2,car,0.59,521.811,96.42862
438,210,2,car,0.69,1169.1951,154.43129
438,235,2,car,0.56,1062.9097,111.61108
438,232,2,car,0.38,965.0908,80.65903
438,230,2,car,0.35,606.6129,89.29831
439,29,2,car,0.71,222.76227,146.0509
439,174,2,car,0.72,897.26904,607.65826
439,180,2,car,0.85,1754.5604,800.8506
439,68,0,person,0.59,1863.012,209.98605
439,191,2,car,0.72,883.87024,193.2392
439,193,2,car,0.68,1276.5149,250.86873
439,206,2,car,0.49,434.01685,114.02523
439,202,2,car,0.76,1093.8972,199.46658
439,211,2,car,0.56,522.6035,97.69635
439,210,2,car,0.7,1170.845,157.10844
439,235,2,car,0.54,1062.9827,112.79669
439,232,2,car,0.36,966.9321,81.32509
439,230,2,car,0.34,607.09265,90.90228
440,29,2,car,0.71,222.96956,147.68645
440,174,2,car,0.73,895.0647,627.2368
440,180,2,car,0.83,1766.5583,837.18494
440,68,0,person,0.63,1862.689,209.3158
440,191,2,car,0.75,881.90295,195.00024
440,193,2,car,0.7,1281.9221,254.87312
440,206,2,car,0.48,434.11914,114.61932
440,202,2,car,0.76,1094.3579,202.0279
440,211,2,car,0.6,522.4848,99.49725
440,210,2,car,0.73,1172.13,159.08563
440,235,2,car,0.72,1063.5051,117.64783
440,230,2,car,0.4,608.1244,92.17
441,29,2,car,0.68,223.46753,148.50085
441,174,2,car,0.7,891.45667,648.4689
441,180,2,car,0.66,1780.0927,862.7053
441,68,0,person,0.58,1861.729,210.77106
441,191,2,car,0.73,881.3921,197.92621
441,193,2,car,0.77,1288.0593,261.19418
441,206,2,car,0.48,435.0913,115.78461
441,202,2,car,0.76,1095.235,205.45209
441,211,2,car,0.62,522.98785,100.41503
441,210,2,car,0.77,1174.4011,161.14952
441,235,2,car,0.62,1064.2295,117.81693
441,230,2,car,0.47,607.60925,93.29401
442,29,2,car,0.66,223.58264,149.50354
442,174,2,car,0.7,887.0759,671.5763
442,180,2,car,0.76,1795.0808,880.13196
442,68,0,person,0.45,1861.971,213.06734
442,191,2,car,0.8,882.3091,201.66016
442,193,2,car,0.75,1291.9016,268.0689
442,206,2,car,0.51,436.55707,116.53813
442,202,2,car,0.68,1095.9619,209.29706
442,211,2,car,0.52,523.52075,101.301445
442,210,2,car,0.8,1176.4731,163.38742
442,235,2,car,0.62,1063.9441,118.2558
442,230,2,car,0.44,607.4751,94.60782
442,232,2,car,0.33,968.32227,82.86768
443,29,2,car,0.66,224.75856,150.95131
443,174,2,car,0.72,882.4861,695.0803
443,180,2,car,0.78,1811.9927,898.4411
443,68,0,person,0.48,1860.7861,214.42377
443,191,2,car,0.83,881.2477,202.69254
443,193,2,car,0.74,1295.575,272.6074
443,206,2,car,0.51,437.498,116.81308
443,202,2,car,0.63,1096.8419,210.83412
443,211,2,car,0.52,523.98755,101.91902
443,210,2,car,0.65,1178.9067,164.22371
443,235,2,car,0.66,1064.2993,119.46669
443,230,2,car,0.43,608.0653,95.20279
444,29,2,car,0.68,226.10234,151.68417
444,174,2,car,0.6,877.0611,718.34607
444,180,2,car,0.77,1830.0337,917.9894
444,68,0,person,0.47,1859.8853,215.2747
444,191,2,car,0.77,879.3801,204.66835
444,193,2,car,0.63,1300.6342,275.91873
444,206,2,car,0.5,438.07855,118.199814
444,202,2,car,0.6,1096.5537,213.34435
444,211,2,car,0.41,524.8115,102.44751
444,210,2,car,0.8,1180.4719,166.23567
444,235,2,car,0.55,1064.0798,120.87218
444,230,2,car,0.32,606.3683,96.610855
444,232,2,car,0.31,968.2053,84.80514
445,29,2,car,0.69,225.61517,152.63786
445,174,2,car,0.66,870.8409,745.05444
445,180,2,car,0.65,1851.0625,942.02386
445,68,0,person,0.56,1860.8896,217.71979
445,191,2,car,0.74,878.026,207.5336
445,193,2,car,0.65,1305.6277,281.2705
445,206,2,car,0.52,438.58676,118.72282
445,202,2,car,0.65,1096.9702,215.46939
445,211,2,car,0.49,525.04675,103.16351
445,210,2,car,0.73,1182.5917,168.68666
445,235,2,car,0.67,1064.6372,122.84099
445,230,2,car,0.43,606.8187,98.01434
445,265,2,car,0.58,1015.4839,95.34454
445,232,2,car,0.38,968.1986,85.21774
446,29,2,car,0.73,225.34662,153.18703
446,174,2,car,0.64,864.3309,775.49115
446,180,2,car,0.48,1875.5239,973.06946
446,68,0,person,0.51,1862.4048,219.93181
446,191,2,car,0.75,875.50653,209.85895
446,193,2,car,0.7,1311.2213,288.19937
446,206,2,car,0.55,438.3188,119.54285
446,202,2,car,0.72,1097.7693,219.96468
446,211,2,car,0.5,524.7912,104.21481
446,210,2,car,0.74,1185.3341,171.38904
446,235,2,car,0.72,1065.2415,124.24919
446,230,2,car,0.47,608.0397,98.8286
446,265,2,car,0.56,1015.157,94.28482
446,232,2,car,0.39,967.61084,85.68067
447,29,2,car,0.73,225.53162,154.45279
447,174,2,car,0.68,857.5913,807.4905
447,68,0,person,0.5,1862.5676,220.63852
447,191,2,car,0.73,872.7161,213.03033
447,193,2,car,0.54,1316.4575,294.8465
447,206,2,car,0.5,438.65033,120.42987
447,202,2,car,0.72,1098.2317,222.57753
447,211,2,car,0.47,524.9807,104.89223
447,210,2,car,0.75,1187.0508,174.43286
447,235,2,car,0.69,1065.5994,125.478195
447,230,2,car,0.48,609.5307,100.12494
447,265,2,car,0.52,1014.18066,97.51329
447,232,2,car,0.5,966.76556,86.26726
448,29,2,car,0.73,225.87778,154.75436
448,174,2,car,0.63,851.76086,842.78143
448,68,0,person,0.36,1863.8541,222.29755
448,191,2,car,0.72,870.22217,215.6647
448,193,2,car,0.7,1321.707,301.1682
448,206,2,car,0.57,438.49103,121.52605
448,202,2,car,0.73,1099.5339,225.35034
448,211,2,car,0.47,525.3484,107.13963
448,210,2,car,0.71,1188.6182,178.27101
448,235,2,car,0.63,1065.9592,128.09848
448,230,2,car,0.44,609.4083,100.664795
448,265,2,car,0.52,1014.96405,96.85139
448,232,2,car,0.47,967.32416,85.83206
449,29,2,car,0.71,228.55237,156.83554
449,174,2,car,0.62,846.02997,875.7776
449,68,0,person,0.44,1862.6835,221.71962
449,191,2,car,0.68,869.0266,218.70601
449,193,2,car,0.67,1327.8999,309.12152
449,206,2,car,0.6,438.2719,122.897644
449,202,2,car,0.71,1099.7903,229.45714
449,211,2,car,0.41,524.62036,108.679306
449,210,2,car,0.77,1190.1895,180.64873
449,235,2,car,0.65,1066.383,130.34892
449,230,2,car,0.37,610.32446,102.30494
449,265,2,car,0.52,1016.1619,98.94864
449,232,2,car,0.54,967.7956,86.79657
450,29,2,car,0.66,230.05244,157.52258
450,174,2,car,0.72,841.29596,896.47473
450,68,0,person,0.4,1862.5466,222.80386
450,191,2,car,0.65,869.2396,220.72067
450,193,2,car,0.75,1333.3121,315.42514
450,206,2,car,0.63,438.97754,123.628815
450,202,2,car,0.74,1100.7546,233.26074
450,211,2,car,0.33,525.8644,108.71534
450,210,2,car,0.8,1191.755,183.5249
450,235,2,car,0.7,1066.7798,131.91743
450,230,2,car,0.29,610.44116,103.78378
450,265,2,car,0.37,1017.2971,97.33548
450,232,2,car,0.5,968.4042,88.25827
451,29,2,car,0.75,229.15431,157.84515
451,174,2,car,0.76,831.2246,911.2448
451,68,0,person,0.51,1864.1372,223.17998
451,191,2,car,0.59,867.247,222.86201
451,193,2,car,0.6,1338.1016,319.88498
451,206,2,car,0.62,437.95587,124.018974
451,202,2,car,0.74,1101.4099,236.07382
451,211,2,car,0.4,525.68896,109.398544
451,210,2,car,0.79,1193.2781,186.23465
451,235,2,car,0.67,1067.1953,133.78418
451,230,2,car,0.34,610.5695,104.01529
451,265,2,car,0.47,1017.02576,96.58574
451,232,2,car,0.58,969.3198,88.81961
452,29,2,car,0.69,230.52954,159.0094
452,174,2,car,0.7,823.0148,927.72266
452,68,0,person,0.54,1865.139,222.74658
452,191,2,car,0.64,867.3629,227.26651
452,193,2,car,0.59,1346.6931,327.2674
452,206,2,car,0.6,437.90244,126.714745
452,202,2,car,0.69,1102.3065,238.87619
452,211,2,car,0.43,525.82385,111.094986
452,210,2,car,0.8,1195.2756,188.254
452,235,2,car,0.59,1067.9355,137.40158
452,230,2,car,0.33,612.2532,106.20062
452,265,2,car,0.44,1017.73035,98.62893
452,232,2,car,0.52,969.45654,90.19614
453,29,2,car,0.71,230.38718,160.46423
453,174,2,car,0.78,818.3635,945.9791
453,68,0,person,0.55,1865.4126,223.90936
453,191,2,car,0.71,865.2731,231.16486
453,193,2,car,0.55,1353.4899,335.9282
453,206,2,car,0.63,437.8575,128.82785
453,202,2,car,0.75,1103.4146,242.70886
453,211,2,car,0.46,527.0259,111.67582
453,210,2,car,0.82,1198.3273,191.63055
453,235,2,car,0.45,1067.9275,141.9243
453,230,2,car,0.34,611.782,108.63217
453,265,2,car,0.29,1016.17334,99.87741
453,232,2,car,0.61,969.2727,92.194
454,29,2,car,0.71,230.46613,162.44455
454,174,2,car,0.74,816.6721,965.36816
454,68,0,person,0.57,1865.2747,224.36787
454,191,2,car,0.69,864.79724,233.72849
454,193,2,car,0.69,1359.043,340.9602
454,206,2,car,0.64,437.206,130.44624
454,202,2,car,0.81,1103.5859,246.24117
454,211,2,car,0.44,527.74133,112.40497
454,210,2,car,0.8,1199.1968,194.43243
454,235,2,car,0.51,1066.8208,142.99504
454,230,2,car,0.3,612.83484,109.45677
454,265,2,car,0.48,1016.04663,99.994385
454,232,2,car,0.61,969.5781,91.58579
455,29,2,car,0.71,229.51062,163.7669
455,174,2,car,0.64,814.2112,986.1914
455,68,0,person,0.55,1865.3556,225.25629
455,191,2,car,0.65,861.60547,237.15952
455,193,2,car,0.61,1365.7235,349.09152
455,206,2,car,0.61,437.1219,131.68512
455,202,2,car,0.82,1103.623,249.50507
455,211,2,car,0.43,527.70514,112.8099
455,210,2,car,0.85,1200.8674,195.55089
455,235,2,car,0.53,1066.9153,142.86548
455,230,2,car,0.33,613.3471,110.00312
455,265,2,car,0.44,1016.69714,98.545616
455,232,2,car,0.52,969.45654,91.91957
456,29,2,car,0.74,228.77365,164.62146
456,174,2,car,0.64,811.60016,1009.09875
456,68,0,person,0.56,1866.09,226.95364
456,191,2,car,0.76,860.7292,240.67264
456,193,2,car,0.74,1373.816,357.34277
456,206,2,car,0.65,438.31403,131.68869
456,202,2,car,0.77,1105.1259,252.61943
456,211,2,car,0.48,527.7826,113.374985
456,210,2,car,0.8,1204.6329,198.38654
456,235,2,car,0.65,1067.3279,143.7116
456,230,2,car,0.4,611.9968,110.80635
456,265,2,car,0.36,1015.8373,99.14879
456,232,2,car,0.5,969.6656,94.72884
457,29,2,car,0.73,229.40321,165.88005
457,68,0,person,0.63,1866.5427,227.49152
457,191,2,car,0.78,859.8103,243.91927
457,193,2,car,0.64,1380.673,365.94016
457,206,2,car,0.62,438.18942,131.99557
457,202,2,car,0.76,1105.6597,255.83658
457,211,2,car,0.54,527.7449,114.57645
457,210,2,car,0.81,1207.3833,200.65588
457,235,2,car,0.75,1067.7017,144.83827
457,230,2,car,0.45,612.2206,111.44085
457,232,2,car,0.57,970.7101,95.53334
458,29,2,car,0.73,231.2514,166.56714
458,68,0,person,0.62,1866.5366,228.93156
458,191,2,car,0.78,858.6926,246.49976
458,193,2,car,0.8,1389.1023,374.87634
458,206,2,car,0.62,439.98383,132.85394
458,202,2,car,0.75,1107.1216,259.5487
458,211,2,car,0.54,527.94214,115.864006
458,210,2,car,0.81,1209.2771,204.08952
458,235,2,car,0.78,1069.0288,146.0422
458,230,2,car,0.43,612.25073,112.0903
458,232,2,car,0.51,972.5473,96.663345
459,29,2,car,0.73,232.42856,167.06152
459,68,0,person,0.67,1866.7031,230.66902
459,191,2,car,0.83,856.61804,249.01979
459,193,2,car,0.46,1396.5076,382.0497
459,206,2,car,0.64,441.08606,134.24583
459,202,2,car,0.8,1108.9424,264.14062
459,211,2,car,0.49,528.4311,116.378174
459,210,2,car,0.82,1211.4675,207.93991
459,235,2,car,0.76,1070.1201,147.71779
459,230,2,car,0.46,613.954,112.54257
459,232,2,car,0.46,972.7505,99.75595
460,29,2,car,0.73,232.75206,166.7136
460,68,0,person,0.64,1867.5867,231.79211
460,191,2,car,0.85,855.51074,252.6134
460,193,2,car,0.68,1405.9636,391.11914
460,206,2,car,0.65,442.57782,135.5869
460,202,2,car,0.86,1109.2898,267.28763
460,211,2,car,0.54,528.9621,117.563416
460,210,2,car,0.82,1212.8438,211.59283
460,235,2,car,0.72,1069.3878,149.79277
460,230,2,car,0.48,613.7495,112.93536
460,232,2,car,0.58,973.1487,100.252045
461,29,2,car,0.73,232.52081,167.5363
461,68,0,person,0.53,1868.3508,232.67014
461,191,2,car,0.84,853.0,255.78537
461,193,2,car,0.63,1414.2139,400.78918
461,206,2,car,0.67,443.06232,136.2051
461,202,2,car,0.82,1110.0739,271.17844
461,211,2,car,0.5,529.044,117.7693
461,210,2,car,0.79,1215.1719,214.43561
461,235,2,car,0.63,1069.4232,151.88495
461,230,2,car,0.48,614.1934,113.463776
461,232,2,car,0.66,973.3619,100.45418
461,265,2,car,0.32,1018.01013,101.99378
462,29,2,car,0.74,232.7919,168.11401
462,68,0,person,0.43,1868.72,232.78769
462,191,2,car,0.87,850.925,259.1231
462,193,2,car,0.7,1424.5757,412.63
462,206,2,car,0.69,443.14478,136.40158
462,202,2,car,0.81,1112.4316,276.8557
462,211,2,car,0.54,529.39087,118.08694
462,210,2,car,0.8,1217.1742,217.20541
462,235,2,car,0.6,1070.021,154.97725
462,230,2,car,0.47,614.8154,114.28311
462,232,2,car,0.51,973.452,101.50011
462,265,2,car,0.67,1017.6567,116.18521
463,29,2,car,0.66,232.49422,169.37772
463,68,0,person,0.56,1869.1384,232.78406
463,191,2,car,0.84,848.42,261.6829
463,193,2,car,0.55,1433.6952,422.95898
463,206,2,car,0.63,443.34772,138.188
463,202,2,car,0.8,1113.3622,280.83032
463,211,2,car,0.55,530.9486,119.170334
463,210,2,car,0.85,1219.5171,221.3254
463,235,2,car,0.73,1070.6287,157.77814
463,230,2,car,0.43,614.76575,114.98531
463,232,2,car,0.43,973.7308,103.30719
463,265,2,car,0.58,1018.9646,123.46286
464,29,2,car,0.66,232.32956,169.9907
464,68,0,person,0.44,1868.3855,233.31982
464,191,2,car,0.82,846.9409,266.0581
464,193,2,car,0.68,1445.6367,433.24
464,206,2,car,0.57,443.29898,137.69058
464,202,2,car,0.77,1114.4656,284.04428
464,211,2,car,0.46,531.6754,120.431046
464,210,2,car,0.84,1223.0225,224.0534
464,235,2,car,0.68,1071.6721,161.40251
464,230,2,car,0.44,615.3,115.67045
464,232,2,car,0.49,974.5683,102.241264
464,265,2,car,0.38,1018.99414,123.89929
465,29,2,car,0.67,232.60501,169.79358
465,68,0,person,0.34,1868.9146,234.97943
465,191,2,car,0.72,843.5674,269.5735
465,193,2,car,0.58,1456.0045,446.62885
465,206,2,car,0.57,443.4758,137.18771
465,202,2,car,0.84,1115.801,288.5515
465,211,2,car,0.52,532.03687,121.28603
465,210,2,car,0.8,1225.9126,227.12485
465,235,2,car,0.68,1071.8145,163.35513
465,230,2,car,0.44,616.0475,115.5392
465,232,2,car,0.43,974.8833,102.60469
465,265,2,car,0.56,1018.82434,125.59305
466,29,2,car,0.69,232.52554,171.62015
466,68,0,person,0.37,1868.7812,235.66467
466,191,2,car,0.84,842.45044,272.76016
466,193,2,car,0.5,1466.9553,455.98688
466,206,2,car,0.57,443.28113,137.40575
466,202,2,car,0.83,1116.4747,292.65195
466,211,2,car,0.57,531.77594,122.74051
466,210,2,car,0.81,1227.7405,230.90567
466,235,2,car,0.7,1072.3186,165.87177
466,230,2,car,0.47,615.8348,116.48636
466,232,2,car,0.33,975.61255,103.37428
466,265,2,car,0.31,1018.2435,127.367615
467,29,2,car,0.67,233.25185,172.5744
467,191,2,car,0.82,841.6155,275.4048
467,193,7,truck,0.51,1479.5787,470.7719
467,206,2,car,0.54,444.22513,137.36055
467,202,2,car,0.77,1117.0103,296.4392
467,211,2,car,0.57,531.9931,123.32864
467,210,2,car,0.81,1229.5198,233.78082
467,235,2,car,0.74,1072.581,167.23997
467,230,2,car,0.44,615.7229,116.889145
468,29,2,car,0.61,233.63617,172.73512
468,191,2,car,0.74,838.2944,278.21304
468,193,2,car,0.42,1491.3643,485.44513
468,206,2,car,0.52,445.79306,137.79604
468,202,2,car,0.8,1118.4543,300.69934
468,211,2,car,0.58,532.70593,123.82265
468,210,2,car,0.82,1231.1047,236.19507
468,235,2,car,0.72,1072.5818,169.52443
468,230,2,car,0.48,616.6942,117.69498
468,68,0,person,0.33,1869.0017,240.16354
468,232,2,car,0.28,975.1136,104.007034
468,265,2,car,0.31,1018.09485,129.15466
469,29,2,car,0.6,234.40054,172.49387
469,191,2,car,0.79,835.84644,281.54694
469,193,2,car,0.55,1504.737,497.51666
469,206,2,car,0.52,446.8395,138.26741
469,202,2,car,0.8,1119.1616,305.0765
469,211,2,car,0.54,532.97986,124.12841
469,210,2,car,0.82,1234.6036,238.00034
469,235,2,car,0.74,1074.0156,171.29984
469,230,2,car,0.5,617.3217,118.10393
469,68,0,person,0.36,1869.3446,242.94708
469,232,2,car,0.35,976.041,102.843506
470,29,2,car,0.59,233.68588,172.25024
470,191,2,car,0.78,833.29065,285.23853
470,193,2,car,0.6,1520.6653,510.4162
470,206,2,car,0.54,447.07642,138.32085
470,202,2,car,0.82,1120.1254,309.13446
470,211,2,car,0.52,533.1416,124.24383
470,210,2,car,0.85,1237.6956,242.01645
470,235,2,car,0.66,1074.4188,173.03519
470,230,2,car,0.5,617.1134,118.34332
470,232,2,car,0.32,976.79834,101.93965
471,29,2,car,0.62,233.85791,172.25906
471,191,2,car,0.69,830.73883,289.597
471,193,2,car,0.42,1534.5393,527.72144
471,206,2,car,0.56,447.2201,138.42166
471,202,2,car,0.81,1121.4832,314.39014
471,211,2,car,0.49,533.80945,124.28258
471,210,2,car,0.78,1240.4653,245.78268
471,235,2,car,0.67,1074.2107,175.6004
471,230,2,car,0.54,617.761,118.17421
472,29,2,car,0.55,235.02576,172.44913
472,191,2,car,0.72,828.939,293.15833
472,193,2,car,0.54,1549.4962,545.1022
472,206,2,car,0.56,448.00732,138.3122
472,202,2,car,0.85,1122.7424,318.76855
472,211,2,car,0.5,534.6739,124.86972
472,210,2,car,0.76,1245.3765,250.22359
472,235,2,car,0.49,1075.4677,179.3359
472,230,2,car,0.52,618.27606,117.84714
473,29,2,car,0.54,234.81757,172.59799
473,191,2,car,0.78,827.9396,296.67456
473,193,2,car,0.61,1567.4946,564.39465
473,206,2,car,0.54,448.3051,138.23494
473,202,2,car,0.87,1124.4807,322.49298
473,211,2,car,0.5,535.07306,124.87342
473,210,2,car,0.76,1249.9442,254.60458
473,235,2,car,0.3,1075.34,177.49397
473,230,2,car,0.5,618.3939,117.737946
473,296,2,car,0.39,1067.021,168.2239
474,29,2,car,0.44,234.24608,172.94724
474,191,2,car,0.77,825.4352,299.75555
474,193,2,car,0.62,1586.5142,582.25183
474,206,2,car,0.54,448.41553,138.5
474,202,2,car,0.8,1125.4777,327.20715
474,211,2,car,0.5,534.87476,125.328125
474,210,2,car,0.73,1252.7532,258.3705
474,235,2,car,0.29,1074.7649,176.5278
474,230,2,car,0.5,617.9009,118.40465
474,296,2,car,0.32,1069.011,170.24591
475,29,2,car,0.5,235.20357,173.03116
475,191,2,car,0.81,822.3407,303.68787
475,193,2,car,0.6,1606.4353,603.3142
475,206,2,car,0.53,448.7128,140.31425
475,202,2,car,0.79,1127.1196,331.00067
475,211,2,car,0.5,535.25995,125.18814
475,210,2,car,0.83,1255.7136,261.15848
475,235,2,car,0.3,1075.3926,178.88177
475,230,2,car,0.47,617.968,119.46931
475,296,2,car,0.3,1067.8691,168.11868
475,303,2,car,0.46,1079.7183,192.90779
475,265,2,car,0.32,1019.03546,139.70673
476,29,2,car,0.53,236.93724,172.07306
476,191,2,car,0.81,820.2793,307.40707
476,193,2,car,0.58,1627.0911,624.2356
476,206,2,car,0.53,449.1762,141.08945
476,202,2,car,0.81,1127.9015,336.078
476,211,2,car,0.52,535.78656,124.99432
476,210,2,car,0.86,1259.0973,264.2652
476,230,2,car,0.51,618.6293,120.25102
476,296,2,car,0.29,1065.8605,165.62225
476,303,2,car,0.48,1078.6838,194.83154
476,265,2,car,0.37,1019.4449,141.18097
476,232,2,car,0.4,978.55334,109.470856
477,29,2,car,0.59,238.10019,174.88965
477,191,2,car,0.8,816.64246,311.07886
477,193,2,car,0.7,1649.7546,647.705
477,206,2,car,0.58,449.6767,142.6033
477,202,2,car,0.77,1128.7969,342.50284
477,211,2,car,0.49,536.1161,125.43198
477,210,2,car,0.79,1260.8523,268.95105
477,230,2,car,0.46,619.53723,121.478386
477,296,2,car,0.28,1063.6046,165.39401
477,303,2,car,0.49,1078.9148,196.72833
477,265,2,car,0.3,1018.4945,142.58943
477,232,2,car,0.42,979.58777,110.18745
478,29,2,car,0.67,237.96593,175.44905
478,191,2,car,0.76,814.365,314.97156
478,193,2,car,0.6,1676.0261,672.87976
478,206,2,car,0.58,450.16852,143.98425
478,202,2,car,0.86,1130.7417,347.8877
478,211,2,car,0.52,536.48444,126.75966
478,210,2,car,0.71,1263.7354,273.41672
478,230,2,car,0.4,620.16144,121.90601
478,303,2,car,0.56,1078.6884,197.58061
478,232,2,car,0.35,980.48206,110.47519
478,235,2,car,0.27,1076.4199,187.80597
479,29,2,car,0.67,238.02454,175.2259
479,191,2,car,0.7,812.43994,318.9165
479,193,2,car,0.72,1702.3312,701.6271
479,206,2,car,0.58,450.3783,144.1112
479,202,2,car,0.83,1130.8835,353.16382
479,211,2,car,0.5,536.61536,126.967705
479,210,2,car,0.76,1268.7654,277.97852
479,230,2,car,0.4,621.06635,121.86514
479,303,2,car,0.51,1078.8407,199.00215
479,232,2,car,0.43,980.6361,111.69498
479,235,2,car,0.27,1075.9807,186.79895
480,29,2,car,0.65,238.5281,175.81451
480,191,2,car,0.71,809.66156,323.23822
480,193,2,car,0.56,1729.6045,731.44727
480,206,2,car,0.61,450.677,144.83105
480,202,2,car,0.83,1131.5093,358.5786
480,211,2,car,0.46,536.8099,128.65964
480,210,2,car,0.77,1271.4568,282.0764
480,230,2,car,0.36,621.1758,123.11949
480,303,2,car,0.52,1080.7383,200.58185
480,232,2,car,0.36,980.73016,114.33622
480,235,2,car,0.34,1076.8643,192.96469
480,265,2,car,0.34,1021.5605,148.9884
481,29,2,car,0.66,239.94867,176.39108
481,191,2,car,0.72,807.30054,327.46545
481,193,2,car,0.57,1744.8242,765.2875
481,206,2,car,0.62,451.7831,145.36977
481,202,2,car,0.87,1132.0793,364.93164
481,211,2,car,0.51,537.7127,129.6451
481,210,2,car,0.83,1273.1824,286.88977
481,230,2,car,0.33,621.3269,123.82593
481,303,2,car,0.52,1082.7843,202.26913
481,232,2,car,0.59,981.1362,114.6851
481,235,2,car,0.28,1077.6663,196.0128
481,312,2,car,0.38,713.97266,111.87294
482,29,2,car,0.68,240.51616,176.37643
482,191,2,car,0.65,803.7265,331.25693
482,193,2,car,0.71,1756.4941,800.8695
482,206,2,car,0.61,452.30804,145.3052
482,202,2,car,0.9,1133.375,370.95328
482,211,2,car,0.47,537.5877,130.36023
482,210,2,car,0.8,1276.1204,291.3495
482,230,2,car,0.29,621.6437,122.73837
482,303,2,car,0.37,1085.5209,206.20915
482,232,2,car,0.46,981.84607,114.92528
482,235,2,car,0.37,1076.188,199.36627
482,312,2,car,0.33,716.478,112.241196
483,29,2,car,0.69,240.55325,177.05054
483,191,2,car,0.69,797.73615,335.78748
483,193,2,car,0.55,1768.3484,841.53235
483,206,2,car,0.58,451.89502,145.72107
483,202,2,car,0.89,1134.0593,376.5989
483,211,2,car,0.46,536.9349,130.99783
483,210,2,car,0.76,1279.8557,295.6183
483,303,2,car,0.35,1086.254,209.78458
483,232,2,car,0.36,982.20276,116.308495
483,235,2,car,0.28,1078.7411,205.82224
483,313,2,car,0.46,1151.8983,141.09052
483,265,2,car,0.27,1022.0762,152.76102
484,29,2,car,0.72,240.72437,177.80432
484,191,2,car,0.68,795.7854,340.46045
484,193,2,car,0.63,1781.4971,872.8305
484,206,2,car,0.6,452.58368,145.8404
484,202,2,car,0.84,1136.0696,382.3116
484,211,2,car,0.46,537.0415,131.69989
484,210,2,car,0.74,1284.4385,299.66837
484,303,2,car,0.45,1088.1133,211.3844
484,232,2,car,0.36,982.61316,117.851326
484,235,2,car,0.27,1077.4672,207.74048
484,313,2,car,0.33,1153.6895,141.60312
484,68,0,person,0.3,1875.7917,256.66046
484,230,2,car,0.3,623.7361,126.604195
485,29,2,car,0.76,240.60861,178.30043
485,191,2,car,0.7,791.9352,345.77234
485,193,2,car,0.76,1795.0256,891.7157
485,206,2,car,0.65,452.64386,146.26224
485,202,2,car,0.81,1137.6987,388.3593
485,211,2,car,0.44,536.9458,131.90578
485,210,2,car,0.74,1288.5549,305.5227
485,303,2,car,0.46,1088.949,215.34245
485,232,2,car,0.33,983.39014,118.09091
485,235,2,car,0.3,1080.7086,211.04193
485,313,2,car,0.38,1154.5922,142.8328
485,230,2,car,0.27,624.17993,127.678375
486,29,2,car,0.8,241.11218,179.30469
486,191,2,car,0.74,788.8363,350.48395
486,193,2,car,0.78,1812.5295,908.7827
486,206,2,car,0.64,452.3836,147.1889
486,202,2,car,0.79,1138.7876,394.98004
486,211,2,car,0.48,537.78564,133.0448
486,210,2,car,0.69,1291.9175,309.61636
486,303,2,car,0.38,1089.3025,218.51172
486,232,2,car,0.39,983.7273,118.00051
486,235,2,car,0.3,1079.9204,211.04327
486,230,2,car,0.33,624.8302,129.578
486,318,2,car,0.34,447.31207,153.23442
486,312,2,car,0.36,722.16125,115.47385
487,29,2,car,0.79,242.0007,180.0091
487,191,2,car,0.66,784.9637,354.51154
487,193,2,car,0.64,1830.2627,929.4833
487,206,2,car,0.64,451.8246,148.32695
487,202,2,car,0.8,1140.2806,401.8224
487,211,2,car,0.44,538.7482,133.45439
487,210,2,car,0.68,1296.7834,314.42865
487,303,2,car,0.5,1092.6493,219.995
487,232,2,car,0.31,983.5694,118.92628
487,235,2,car,0.26,1084.2097,213.85641
487,230,2,car,0.27,626.25665,130.88922
487,313,2,car,0.47,1154.7163,146.13336
488,29,2,car,0.77,241.61446,182.38567
488,191,2,car,0.7,780.8563,360.3331
488,193,2,car,0.64,1850.1185,951.8717
488,206,2,car,0.59,451.1164,150.0979
488,202,2,car,0.77,1141.2928,408.39896
488,211,2,car,0.41,538.1172,133.78976
488,210,2,car,0.68,1299.3828,319.00995
488,303,2,car,0.55,1092.5532,221.87366
488,321,2,car,0.39,1057.685,188.32684
488,313,2,car,0.46,1154.6819,148.21301
489,29,2,car,0.79,240.94559,182.8318
489,191,2,car,0.61,775.72144,365.10196
489,193,2,car,0.5,1872.6346,973.7208
489,206,2,car,0.59,450.97083,151.59494
489,202,2,car,0.79,1142.3552,415.91882
489,211,2,car,0.49,537.28595,135.49759
489,210,2,car,0.63,1304.596,322.70013
489,303,2,car,0.56,1092.4517,224.0106
489,321,2,car,0.49,1056.3894,189.21487
489,313,2,car,0.3,1154.7576,149.88803
490,29,2,car,0.8,241.75862,183.09515
490,191,2,car,0.65,769.1184,370.1109
490,206,2,car,0.62,452.08118,152.10599
490,202,2,car,0.76,1144.4141,422.7494
490,211,2,car,0.53,538.57104,136.00525
490,210,2,car,0.69,1309.9247,329.02615
490,303,2,car,0.62,1093.8074,227.06673
490,321,2,car,0.51,1056.2484,191.03485
490,313,2,car,0.38,1155.5078,150.51396
490,265,2,car,0.39,1017.4861,157.44447
490,68,0,person,0.26,1874.9756,262.2605
490,312,2,car,0.29,720.34454,119.10368
491,29,2,car,0.72,241.72977,183.95609
491,191,2,car,0.52,767.498,375.50378
491,206,2,car,0.65,452.05975,153.21341
491,202,2,car,0.79,1145.9885,430.80365
491,211,2,car,0.5,538.24756,136.72375
491,210,2,car,0.82,1313.8501,334.46234
491,303,2,car,0.55,1093.4385,229.5087
491,321,2,car,0.43,1054.0721,193.05328
491,313,2,car,0.34,1155.0197,150.66882
491,265,2,car,0.3,1017.92365,157.50153
491,68,0,person,0.26,1872.9861,262.1314
492,29,2,car,0.75,241.76764,183.7796
492,191,2,car,0.6,763.4286,381.2963
492,206,2,car,0.62,452.3873,153.62946
492,202,2,car,0.82,1148.104,438.46973
492,211,2,car,0.5,538.40137,137.11305
492,210,2,car,0.73,1318.4299,339.57098
492,303,2,car,0.61,1093.7269,231.93643
492,321,2,car,0.39,1054.0435,194.77922
492,313,2,car,0.31,1156.37,151.98491
492,265,2,car,0.38,1017.8181,158.69481
492,68,0,person,0.25,1874.503,262.23352
493,29,2,car,0.74,241.91219,184.36383
493,191,2,car,0.57,758.5382,387.86462
493,206,2,car,0.59,452.62253,155.05869
493,202,2,car,0.76,1149.7904,445.3448
493,211,2,car,0.5,538.4536,137.84012
493,210,2,car,0.76,1323.1365,346.0158
493,303,2,car,0.71,1094.6772,234.69437
493,321,2,car,0.39,1053.1362,197.48564
493,265,2,car,0.26,1018.3218,161.37769
493,68,0,person,0.28,1875.7002,261.88733
494,29,2,car,0.68,240.89218,186.40402
494,191,2,car,0.67,754.01587,394.60385
494,206,2,car,0.56,452.45865,155.36728
494,202,2,car,0.75,1151.0559,452.66742
494,211,2,car,0.49,538.5918,139.14742
494,210,2,car,0.69,1329.8385,350.8584
494,303,2,car,0.66,1094.8342,237.37479
494,321,2,car,0.49,1051.6016,199.98068
494,265,2,car,0.4,1017.6496,164.31958
494,68,0,person,0.28,1875.2152,259.9568
494,313,2,car,0.34,1157.697,154.60562
495,29,2,car,0.6,241.75067,187.56322
495,191,2,car,0.65,749.8273,400.00006
495,206,2,car,0.58,452.49335,155.90204
495,202,2,car,0.77,1153.0493,461.87842
495,211,2,car,0.53,538.82556,141.52676
495,210,2,car,0.77,1333.8269,357.10196
495,303,2,car,0.61,1096.0632,241.11923
495,321,2,car,0.45,1050.1458,202.64594
495,265,2,car,0.36,1018.13293,163.61493
495,68,0,person,0.29,1875.6005,261.6624
495,313,2,car,0.61,1158.0522,156.85637
496,29,2,car,0.65,242.29944,188.33246
496,191,2,car,0.62,745.0973,405.6916
496,206,2,car,0.61,451.59512,156.80098
496,202,2,car,0.7,1154.9939,472.68558
496,211,2,car,0.58,537.9353,142.74664
496,210,2,car,0.71,1339.5796,364.45148
496,303,2,car,0.75,1095.9783,243.96722
496,321,2,car,0.6,1049.6014,204.9581
496,313,2,car,0.61,1158.7632,158.45883
497,29,2,car,0.68,241.4606,188.61063
497,191,2,car,0.54,738.7133,412.79764
497,206,2,car,0.62,451.50244,157.17805
497,202,2,car,0.74,1157.4998,480.6915
497,211,2,car,0.61,537.43933,142.99733
497,210,2,car,0.71,1343.917,369.98224
497,303,2,car,0.81,1096.0417,246.01624
497,321,2,car,0.54,1049.0349,205.95984
497,313,2,car,0.75,1159.7542,161.08698
497,230,2,car,0.37,622.7684,137.2841
497,265,2,car,0.33,1018.4499,167.41136
498,29,2,car,0.67,240.36148,189.75
498,191,2,car,0.7,733.28827,419.2732
498,206,2,car,0.57,451.72583,157.63374
498,202,2,car,0.82,1159.5065,491.18402
498,211,2,car,0.59,538.4148,143.66315
498,210,2,car,0.72,1349.2227,376.38748
498,303,2,car,0.82,1096.4615,248.13501
498,321,2,car,0.47,1047.7609,207.17537
498,313,2,car,0.74,1160.3555,163.85056
498,230,2,car,0.3,622.52795,137.99376
498,265,2,car,0.31,1017.90857,168.54684
498,68,0,person,0.28,1876.5852,265.3302
499,29,2,car,0.67,240.42169,190.2472
499,191,2,car,0.71,725.86304,426.39777
499,206,2,car,0.58,452.42896,157.64536
499,202,2,car,0.78,1159.0898,499.50714
499,211,2,car,0.61,539.5415,144.097
499,210,2,car,0.6,1354.0101,383.76276
499,303,2,car,0.81,1096.6466,250.65067
499,321,2,car,0.62,1047.1167,211.15152
499,313,2,car,0.64,1160.8716,165.21005
499,230,2,car,0.29,622.9203,138.53545
499,265,2,car,0.38,1019.13904,169.63599
499,68,0,person,0.35,1876.0608,267.91113
500,29,2,car,0.71,241.14731,190.58974
500,191,2,car,0.76,720.1455,433.63327
500,206,2,car,0.64,451.94296,158.66742
500,202,2,car,0.84,1161.9856,510.82764
500,211,2,car,0.6,538.20435,145.63736
500,210,2,car,0.71,1360.1677,390.6004
500,303,2,car,0.77,1096.6523,253.95575
500,321,2,car,0.52,1045.1946,213.66245
500,313,2,car,0.62,1161.3516,166.92105
500,230,2,car,0.32,622.4219,140.07866
500,68,0,person,0.3,1877.3242,268.7173
501,29,2,car,0.68,241.27188,190.5177
501,191,2,car,0.66,716.745,439.14438
501,206,2,car,0.6,451.92914,158.71933
501,202,2,car,0.81,1165.9202,520.36835
501,211,2,car,0.59,537.8708,145.98161
501,210,2,car,0.83,1367.9316,396.9868
501,303,2,car,0.63,1097.7727,257.90918
501,321,2,car,0.43,1043.5999,215.33774
501,313,2,car,0.57,1162.9052,167.6659
501,230,2,car,0.37,622.3882,140.66747
501,68,0,person,0.3,1877.499,269.89465
501,265,2,car,0.27,1019.43884,171.98975
502,29,2,car,0.67,242.30487,190.4497
502,191,2,car,0.57,710.28925,445.36688
502,206,2,car,0.53,452.00986,160.34012
502,202,2,car,0.71,1167.5356,529.93726
502,211,2,car,0.57,538.83484,145.99547
502,210,2,car,0.8,1374.2015,404.54242
502,303,2,car,0.58,1099.3573,261.21603
502,321,2,car,0.47,1043.5769,216.77347
502,313,2,car,0.6,1164.2107,170.52602
502,230,2,car,0.42,622.87787,140.96788
502,68,0,person,0.42,1877.596,269.81036
502,265,2,car,0.36,1020.46643,168.35568
503,29,2,car,0.64,242.42287,192.34387
503,191,2,car,0.54,703.6417,453.28528
503,206,2,car,0.5,451.24243,161.64403
503,202,2,car,0.73,1169.5498,542.2615
503,211,2,car,0.52,539.28796,146.6098
503,210,2,car,0.82,1380.2917,413.63934
503,303,2,car,0.64,1099.208,263.82947
503,321,2,car,0.58,1043.0991,219.3616
503,313,2,car,0.64,1164.358,171.48697
503,230,2,car,0.39,624.2351,142.2536
503,68,0,person,0.47,1877.5035,269.92273
503,265,2,car,0.37,1020.78345,169.9068
504,29,2,car,0.69,242.71085,192.62276
504,191,2,car,0.7,697.3503,459.898
504,206,2,car,0.54,452.23264,162.72115
504,202,2,car,0.81,1171.0581,554.5147
504,211,2,car,0.59,539.52246,147.5607
504,210,2,car,0.71,1387.9429,422.156
504,303,2,car,0.74,1100.2,266.7002
504,321,2,car,0.56,1042.492,222.68121
504,313,2,car,0.74,1166.8499,173.10814
504,230,2,car,0.44,623.5009,141.96729
504,68,0,person,0.29,1878.0977,270.6727
504,265,2,car,0.31,1021.7073,170.01797
505,29,2,car,0.7,242.34943,192.3587
505,191,2,car,0.6,691.2675,468.6775
505,206,2,car,0.6,452.8108,163.64377
505,202,2,car,0.73,1174.3145,567.44995
505,211,2,car,0.58,538.8977,148.07294
505,210,2,car,0.75,1395.0796,431.00568
505,303,2,car,0.78,1100.767,269.16083
505,321,2,car,0.61,1041.8634,225.29706
505,313,2,car,0.71,1168.6914,173.9841
505,230,2,car,0.44,622.7258,141.64156
505,68,0,person,0.29,1878.3188,271.57843
505,265,2,car,0.33,1023.62415,170.50978
506,29,2,car,0.69,242.06824,192.67871
506,191,2,car,0.69,682.9717,476.58127
506,206,2,car,0.56,452.85138,164.17807
506,202,2,car,0.81,1177.1422,578.84125
506,211,2,car,0.58,538.4007,148.34549
506,210,2,car,0.7,1403.4113,438.174
506,303,2,car,0.8,1101.1626,271.39975
506,321,2,car,0.62,1040.7385,227.67354
506,313,2,car,0.52,1170.0652,173.9255
506,230,2,car,0.42,622.1749,142.44415
506,68,0,person,0.38,1878.1917,271.59784
506,265,2,car,0.43,1021.33984,172.12595
506,328,2,car,0.36,1016.06964,183.85574
507,29,2,car,0.66,243.19348,193.8277
507,191,2,car,0.75,675.36865,484.97797
507,206,2,car,0.55,453.08987,164.7252
507,202,2,car,0.77,1181.3125,592.5013
507,211,2,car,0.58,538.9066,148.49368
507,210,2,car,0.76,1409.859,448.1874
507,303,2,car,0.79,1101.1895,273.47067
507,321,2,car,0.64,1038.5852,229.98592
507,313,2,car,0.6,1171.7053,174.63275
507,230,2,car,0.41,622.553,143.25168
507,68,0,person,0.46,1877.969,271.47443
507,265,2,car,0.32,1020.3632,174.11806
507,328,2,car,0.34,1015.33514,185.23438
508,29,2,car,0.69,244.02086,195.51889
508,191,2,car,0.55,669.2671,494.71207
508,206,2,car,0.55,452.8451,165.25519
508,202,2,car,0.73,1184.678,607.4933
508,211,2,car,0.51,539.6405,148.84549
508,210,2,car,0.68,1417.3398,456.31323
508,303,2,car,0.79,1101.6426,276.95212
508,321,2,car,0.67,1036.5862,233.22467
508,313,2,car,0.55,1172.7719,175.32458
508,230,2,car,0.32,622.9253,144.16467
508,68,0,person,0.49,1877.9473,272.25577
508,328,2,car,0.5,1012.20465,182.68051
509,29,2,car,0.72,243.90932,195.81223
509,191,2,car,0.66,661.65564,501.99506
509,206,2,car,0.58,453.34924,165.62198
509,202,2,car,0.8,1188.0524,621.65393
509,211,2,car,0.51,539.683,148.96048
509,210,2,car,0.75,1425.9735,465.37207
509,303,2,car,0.53,1102.7361,281.01538
509,321,2,car,0.69,1035.87,235.62863
509,313,2,car,0.45,1173.3584,175.94229
509,230,2,car,0.28,622.77155,144.51678
509,68,0,person,0.33,1878.1082,273.6278
509,328,2,car,0.36,1013.02136,183.23383
509,265,2,car,0.32,1018.6546,176.13962
510,29,2,car,0.71,244.06326,195.78653
510,191,2,car,0.73,653.047,510.66272
510,206,2,car,0.56,453.2033,165.1059
510,202,2,car,0.78,1191.6262,636.19006
510,211,2,car,0.52,539.9829,148.37009
510,210,2,car,0.77,1435.8438,474.06964
510,303,2,car,0.75,1103.6487,283.8705
510,321,2,car,0.74,1035.1603,237.34454
510,313,2,car,0.55,1174.969,178.70926
510,230,2,car,0.31,622.90454,144.23941
510,68,0,person,0.45,1878.5645,274.74597
510,328,2,car,0.39,1014.01855,186.46478
511,29,2,car,0.69,243.4225,196.02386
511,191,2,car,0.76,644.372,519.89716
511,206,2,car,0.58,453.31964,166.10406
511,202,2,car,0.8,1195.5607,651.4092
511,211,2,car,0.54,539.37573,149.17908
511,210,2,car,0.73,1446.4668,485.34177
511,303,2,car,0.81,1104.6807,287.482
511,321,2,car,0.74,1033.8134,238.82812
511,313,2,car,0.52,1175.0391,181.02875
511,230,2,car,0.3,622.2898,144.69742
511,68,0,person,0.4,1877.9424,275.20978
511,328,2,car,0.52,1015.0482,184.7515
512,29,2,car,0.69,243.94255,196.21198
512,191,2,car,0.73,636.15857,529.03687
512,206,2,car,0.64,453.57483,166.8295
512,202,2,car,0.8,1200.9064,669.9552
512,211,2,car,0.55,539.3678,149.9407
512,210,2,car,0.74,1455.4851,498.2854
512,303,2,car,0.85,1105.7068,290.63312
512,321,2,car,0.72,1033.8992,240.45662
512,313,2,car,0.68,1176.6178,182.94363
512,230,2,car,0.39,622.4529,145.88577
512,68,0,person,0.46,1878.2083,275.61597
512,328,2,car,0.44,1014.93384,186.50156
512,312,2,car,0.32,720.2347,135.23415
512,265,2,car,0.39,1018.0846,178.3135
513,29,2,car,0.7,244.24014,196.39948
513,191,2,car,0.69,626.81055,540.3273
513,206,2,car,0.65,453.9945,167.3482
513,202,2,car,0.69,1205.5459,689.4407
513,211,2,car,0.53,539.6817,150.61212
513,210,2,car,0.74,1465.062,508.74078
513,303,2,car,0.82,1106.949,294.72906
513,321,2,car,0.78,1032.5076,243.31091
513,313,2,car,0.78,1177.5023,185.17517
513,230,2,car,0.44,623.3185,146.20667
513,68,0,person,0.43,1877.7908,275.57315
513,328,2,car,0.44,1015.5958,187.95938
513,312,2,car,0.3,720.6398,135.66534
513,265,2,car,0.32,1019.7953,180.43408
513,232,2,car,0.27,982.5445,134.7254
514,29,2,car,0.68,243.52182,196.94574
514,191,2,car,0.77,618.69324,551.4929
514,206,2,car,0.61,453.48254,167.59955
514,202,2,car,0.79,1209.4006,708.3386
514,211,2,car,0.49,539.719,151.28058
514,210,2,car,0.76,1475.6365,520.172
514,303,2,car,0.82,1108.3821,298.82812
514,321,2,car,0.8,1030.9779,247.14078
514,313,2,car,0.77,1178.4067,186.24469
514,230,2,car,0.39,623.51587,146.11218
514,68,0,person,0.43,1877.8484,275.71133
514,328,2,car,0.4,1015.7263,188.65378
514,265,2,car,0.31,1019.94635,180.90028
515,29,2,car,0.72,242.13228,198.79816
515,191,2,car,0.7,607.91113,562.8952
515,206,2,car,0.54,453.26144,167.70135
515,202,2,car,0.81,1214.9773,728.33777
515,211,2,car,0.48,539.79443,152.44836
515,210,2,car,0.73,1488.0942,533.93524
515,303,2,car,0.85,1110.7523,302.30127
515,321,2,car,0.82,1029.7517,249.7847
515,313,2,car,0.74,1179.3862,187.63414
515,230,2,car,0.34,622.95306,146.72035
515,68,0,person,0.51,1878.3159,275.64172
515,328,2,car,0.45,1016.3388,186.04666
515,232,2,car,0.26,982.71295,136.66455
516,29,2,car,0.69,241.95999,199.27164
516,191,2,car,0.8,597.40704,572.10144
516,206,2,car,0.54,453.65063,167.60349
516,202,2,car,0.82,1219.9028,749.53015
516,211,2,car,0.47,540.0305,152.92842
516,210,2,car,0.71,1500.3071,547.873
516,303,2,car,0.85,1110.4574,305.46875
516,321,2,car,0.87,1028.7095,252.34293
516,313,2,car,0.61,1180.7205,189.76074
516,230,2,car,0.32,623.02576,146.24321
516,68,0,person,0.45,1879.3088,277.88672
516,328,2,car,0.42,1016.3595,189.23212
516,232,2,car,0.29,982.7242,137.76596
516,265,2,car,0.28,1019.8928,182.28438
517,29,2,car,0.7,242.87456,199.24039
517,191,2,car,0.62,586.65094,584.11676
517,206,2,car,0.55,454.3014,167.77313
517,202,2,car,0.8,1226.5121,769.6494
517,211,2,car,0.51,540.3135,154.16559
517,210,2,car,0.8,1512.7532,561.67786
517,303,2,car,0.84,1110.8352,310.02112
517,321,2,car,0.87,1026.7438,254.86514
517,313,2,car,0.6,1180.512,191.69202
517,230,2,car,0.27,623.23267,146.05203
517,68,0,person,0.44,1879.6907,278.16626
517,328,2,car,0.32,1017.3844,190.17915
517,232,2,car,0.26,982.00336,138.36183
518,29,2,car,0.69,243.13481,198.55629
518,191,2,car,0.73,577.1383,594.5444
518,206,2,car,0.58,454.83783,168.10167
518,202,2,car,0.79,1233.6094,794.4224
518,211,2,car,0.5,540.3313,154.8523
518,210,2,car,0.77,1526.7579,576.5223
518,303,2,car,0.85,1112.7688,312.5343
518,321,2,car,0.86,1026.3171,256.80557
518,313,2,car,0.57,1182.2076,192.3302
518,230,2,car,0.29,623.43536,145.78687
518,68,0,person,0.52,1880.04,277.50775
518,328,2,car,0.37,1017.4435,188.28076
519,29,2,car,0.69,242.99254,198.172
519,191,2,car,0.79,564.7029,609.21875
519,206,2,car,0.56,454.95883,168.20195
519,202,2,car,0.8,1240.2266,819.106
519,211,2,car,0.47,540.656,154.99191
519,210,2,car,0.77,1540.5105,592.13617
519,303,2,car,0.81,1114.1383,317.5337
519,321,2,car,0.8,1025.4209,259.47916
519,313,2,car,0.51,1183.0927,193.96872
519,230,2,car,0.33,624.05615,146.43744
519,68,0,person,0.54,1880.0432,279.08493
519,328,2,car,0.45,1016.3848,191.62158
520,29,2,car,0.72,242.67578,198.48462
520,191,2,car,0.75,553.0681,621.88354
520,206,2,car,0.62,454.41882,168.81425
520,202,2,car,0.78,1247.167,845.3337
520,211,2,car,0.49,540.69495,155.2882
520,210,2,car,0.8,1556.1484,608.5713
520,303,2,car,0.83,1114.998,322.16315
520,321,2,car,0.71,1024.282,261.95953
520,313,2,car,0.59,1184.0679,195.14734
520,230,2,car,0.42,623.80493,148.566
520,68,0,person,0.49,1880.6775,279.39395
520,328,2,car,0.27,1016.6515,193.33871
520,312,2,car,0.28,718.66174,136.67004
520,232,2,car,0.36,982.4197,138.25287
521,29,2,car,0.74,242.80382,198.79242
521,191,2,car,0.81,538.73413,634.9668
521,206,2,car,0.65,454.1411,169.29639
521,202,2,car,0.66,1254.8643,874.84607
521,211,2,car,0.46,541.1769,155.05179
521,210,2,car,0.72,1573.9543,626.18164
521,303,2,car,0.81,1116.9668,325.15448
521,321,2,car,0.74,1022.94855,264.07074
521,313,2,car,0.52,1184.367,195.64484
521,230,2,car,0.43,624.58875,148.83408
521,68,0,person,0.55,1880.7625,279.1385
521,328,2,car,0.34,1016.16785,197.1464
521,312,2,car,0.33,719.43353,137.36017
521,232,2,car,0.38,982.554,138.27628
522,29,2,car,0.74,243.12494,198.988
522,191,2,car,0.8,525.58453,650.8423
522,206,2,car,0.63,454.12903,169.74005
522,202,2,car,0.87,1262.0289,903.7073
522,211,2,car,0.4,541.828,154.51389
522,210,2,car,0.82,1591.2124,644.6123
522,303,2,car,0.84,1117.8643,328.56445
522,321,2,car,0.81,1022.44543,267.5988
522,313,2,car,0.62,1187.3037,197.06488
522,230,2,car,0.38,625.3242,148.42516
522,68,0,person,0.52,1880.6912,280.17596
522,328,2,car,0.34,1015.6411,197.78104
522,232,2,car,0.3,983.0474,138.58893
522,333,2,car,0.46,1084.2942,161.76106
523,29,2,car,0.72,242.3298,201.63562
523,191,2,car,0.76,510.7633,667.8306
523,206,2,car,0.59,454.4104,171.377
523,202,2,car,0.76,1271.1741,920.7182
523,211,2,car,0.35,540.44104,155.95332
523,210,2,car,0.79,1610.3164,663.86316
523,303,2,car,0.8,1117.522,333.15198
523,321,2,car,0.86,1022.1291,270.0576
523,313,2,car,0.63,1187.8921,197.19684
523,230,2,car,0.33,626.3275,149.50195
523,68,0,person,0.47,1880.4438,279.51193
523,328,2,car,0.49,1013.61694,201.00023
523,232,2,car,0.36,982.5729,139.02127
523,333,2,car,0.49,1083.7611,161.59802
524,29,2,car,0.75,242.26747,199.68301
524,191,2,car,0.79,495.85413,683.0021
524,206,2,car,0.65,453.66235,169.6456
524,202,2,car,0.58,1280.4739,930.496
524,211,2,car,0.45,540.65686,155.08646
524,210,2,car,0.78,1628.8629,683.69666
524,303,2,car,0.78,1118.9918,336.46106
524,321,2,car,0.81,1020.2008,270.23758
524,313,2,car,0.55,1189.7856,197.02869
524,230,2,car,0.38,624.5655,148.37671
524,68,0,person,0.56,1880.352,277.93933
524,328,2,car,0.5,1013.335,202.13458
524,232,2,car,0.43,981.80414,138.15561
524,333,2,car,0.46,1083.8956,160.78
524,312,2,car,0.33,720.1758,137.39317
525,29,2,car,0.72,242.72946,198.76546
525,191,2,car,0.81,480.03226,696.7338
525,206,2,car,0.54,454.54138,167.73691
525,202,2,car,0.76,1287.7,943.90594
525,211,2,car,0.42,540.66425,153.50711
525,210,2,car,0.85,1649.907,705.6775
525,303,2,car,0.71,1120.0626,339.7069
525,321,2,car,0.84,1018.87573,272.304
525,313,2,car,0.29,1191.6356,197.16429
525,230,2,car,0.29,623.80237,146.18483
525,68,0,person,0.57,1880.1268,277.21014
525,328,2,car,0.48,1013.6282,201.85623
525,232,2,car,0.38,981.92664,137.70543
525,333,2,car,0.3,1084.4319,159.53854
525,312,2,car,0.27,719.2937,136.01561
526,29,2,car,0.71,243.2081,198.79605
526,191,2,car,0.83,463.4024,714.29315
526,206,2,car,0.54,455.0876,167.7237
526,202,2,car,0.68,1296.0762,959.27045
526,211,2,car,0.41,540.62665,153.7992
526,210,2,car,0.87,1673.7975,731.1074
526,303,2,car,0.72,1120.9473,343.65576
526,321,2,car,0.86,1017.1043,275.56915
526,313,2,car,0.49,1190.8059,199.06631
526,230,2,car,0.27,623.51135,145.74814
526,68,0,person,0.52,1879.7286,276.23303
526,328,2,car,0.44,1012.67377,201.67352
526,232,2,car,0.33,981.7252,137.99756
526,333,2,car,0.39,1084.3813,159.69847
526,312,2,car,0.27,718.8481,136.02496
527,29,2,car,0.7,243.25342,198.62517
527,191,2,car,0.87,445.8023,732.3601
527,206,2,car,0.54,455.35153,167.78546
527,202,2,car,0.73,1295.5466,972.4392
527,211,2,car,0.41,540.7886,153.92679
527,210,2,car,0.86,1698.145,755.1212
527,303,2,car,0.82,1123.0026,348.01556
527,321,2,car,0.82,1016.22925,278.486
527,313,2,car,0.32,1193.4547,199.82413
527,230,2,car,0.29,623.4519,145.68356
527,68,0,person,0.56,1878.9678,276.75784
527,328,2,car,0.43,1010.7927,204.48505
527,232,2,car,0.39,982.17175,138.63625
527,333,2,car,0.46,1084.9177,159.56999
528,29,2,car,0.71,243.29037,197.5712
528,191,2,car,0.88,426.359,750.6277
528,206,2,car,0.57,454.70596,166.75902
528,202,2,car,0.74,1297.3423,990.9129
528,211,2,car,0.42,540.97314,151.60416
528,210,2,car,0.89,1726.5408,784.38794
528,303,2,car,0.75,1126.299,352.67053
528,321,2,car,0.82,1015.35876,280.56537
528,313,2,car,0.29,1196.1123,201.12238
528,230,2,car,0.41,624.1468,145.45537
528,68,0,person,0.57,1879.5356,276.50183
528,328,2,car,0.48,1009.7456,203.86295
528,232,2,car,0.34,982.6013,138.13716
528,333,2,car,0.44,1085.0416,160.1652
529,29,2,car,0.69,243.59616,196.94138
529,191,2,car,0.82,406.79797,771.2139
529,206,2,car,0.63,453.7598,166.37936
529,202,2,car,0.65,1299.9297,1008.4337
529,211,2,car,0.52,539.6151,150.38272
529,210,2,car,0.91,1742.5867,814.0314
529,303,2,car,0.78,1126.8984,355.76373
529,321,2,car,0.78,1013.0338,282.69608
529,313,2,car,0.36,1197.1128,202.70023
529,230,2,car,0.44,623.6072,145.37321
529,68,0,person,0.46,1879.4539,274.9452
529,328,2,car,0.43,1008.30066,205.46008
529,232,2,car,0.34,981.9397,136.04428
529,333,2,car,0.5,1084.2051,160.10135
529,312,2,car,0.37,718.7729,134.85136
530,29,2,car,0.7,243.93713,195.66034
530,191,2,car,0.85,385.42215,793.3212
530,206,2,car,0.57,453.71588,164.84537
530,202,2,car,0.57,1305.3494,1027.5674
530,211,2,car,0.49,539.93005,148.88474
530,210,2,car,0.89,1751.9216,845.589
530,303,2,car,0.81,1128.5142,360.42834
530,321,2,car,0.79,1011.4236,285.01065
530,313,2,car,0.45,1198.5575,202.39209
530,230,2,car,0.29,623.2131,143.59122
530,68,0,person,0.57,1878.8115,273.93842
530,328,2,car,0.44,1007.9136,205.61682
530,333,2,car,0.51,1084.3531,158.8468
531,29,2,car,0.69,243.2224,193.32217
531,191,2,car,0.85,363.40674,817.36035
531,206,2,car,0.59,453.60577,163.31244
531,211,2,car,0.58,539.60297,147.85016
531,210,2,car,0.82,1763.1089,879.5802
531,303,2,car,0.84,1129.4956,363.83127
531,321,2,car,0.77,1010.84216,286.17615
531,313,2,car,0.68,1199.9774,202.49747
531,230,2,car,0.44,623.63403,141.37337
531,68,0,person,0.54,1879.7595,271.6918
531,328,2,car,0.45,1006.3142,205.41098
531,333,2,car,0.47,1085.2734,158.0331
532,29,2,car,0.67,242.67856,192.53352
532,191,2,car,0.89,339.07574,840.9873
532,206,2,car,0.59,452.8164,162.55055
532,211,2,car,0.55,539.17664,147.22235
532,210,2,car,0.92,1774.1001,900.55255
532,303,2,car,0.77,1130.6583,369.13507
532,321,2,car,0.79,1009.6034,289.52054
532,313,2,car,0.71,1200.499,201.86266
532,230,2,car,0.36,622.9404,140.1716
532,68,0,person,0.52,1879.122,270.9701
532,328,2,car,0.44,1007.01245,206.21722
532,333,2,car,0.41,1085.6912,157.99936
533,29,2,car,0.65,241.96402,192.83154
533,191,2,car,0.9,310.60748,868.85455
533,206,2,car,0.51,451.65103,161.449
533,211,2,car,0.44,539.67444,145.81702
533,210,2,car,0.74,1787.2487,916.1146
533,303,2,car,0.77,1131.2283,373.0177
533,321,2,car,0.76,1007.9718,291.97882
533,313,2,car,0.63,1201.2651,203.6754
533,230,2,car,0.4,623.58405,141.22421
533,68,0,person,0.52,1879.4536,269.9028
533,328,2,car,0.48,1005.77875,206.10115
533,333,2,car,0.41,1085.4625,158.1865
534,29,2,car,0.66,242.05048,193.84918
534,191,2,car,0.91,283.4178,898.1964
534,206,2,car,0.51,451.73883,161.34149
534,211,2,car,0.5,540.005,146.11565
534,210,2,car,0.77,1801.2966,931.12915
534,303,2,car,0.81,1131.2147,378.2632
534,321,2,car,0.79,1006.8872,295.36835
534,313,2,car,0.73,1201.418,205.05528
534,230,2,car,0.39,623.84766,141.98807
534,68,0,person,0.47,1879.0881,270.1413
534,328,2,car,0.42,1010.32324,208.15118
534,333,2,car,0.44,1085.5311,159.05249
535,29,2,car,0.65,242.05783,193.92897
535,191,2,car,0.88,252.57185,918.848
535,206,2,car,0.52,451.8313,161.24203
535,211,2,car,0.5,540.1191,146.13908
535,210,2,car,0.74,1817.0085,948.3286
535,303,2,car,0.8,1132.6516,384.10474
535,321,2,car,0.77,1006.0947,298.34027
535,313,2,car,0.71,1202.307,209.11412
535,230,2,car,0.4,623.9124,142.11835
535,68,0,person,0.38,1878.2405,270.52036
535,328,2,car,0.39,1010.30786,207.91165
535,333,2,car,0.42,1085.3639,158.95909
536,29,2,car,0.66,241.87738,192.137
536,191,2,car,0.8,222.06966,931.9922
536,206,2,car,0.55,451.5451,160.47928
536,211,2,car,0.5,539.54285,145.77173
536,210,2,car,0.65,1834.0061,967.04285
536,303,2,car,0.74,1134.6218,388.9154
536,321,2,car,0.81,1003.94055,301.0907
536,313,2,car,0.69,1203.4993,208.8471
536,230,2,car,0.45,623.7704,141.99509
536,68,0,person,0.35,1878.5757,269.97556
536,328,2,car,0.48,1010.3881,207.26326
536,333,2,car,0.47,1084.9299,158.7088
536,341,2,car,0.43,998.1948,204.96729
537,29,2,car,0.7,241.99222,190.87238
537,191,2,car,0.8,203.75862,943.7893
537,206,2,car,0.6,451.28763,158.81125
537,211,2,car,0.52,538.60547,145.21394
537,210,2,car,0.41,1852.5393,984.9889
537,303,2,car,0.82,1136.2192,395.48605
537,321,2,car,0.83,1002.0465,304.61484
537,313,2,car,0.76,1204.6356,209.87692
537,230,2,car,0.38,623.4868,141.23766
537,68,0,person,0.47,1878.4515,270.01862
537,328,2,car,0.35,1011.6261,207.88727
537,333,2,car,0.51,1084.9901,159.47916
537,341,2,car,0.33,998.3018,206.83191
538,29,2,car,0.71,241.83463,190.22847
538,191,2,car,0.61,190.75786,958.3358
538,206,2,car,0.63,451.31943,158.44052
538,211,2,car,0.56,538.3247,145.19695
538,303,2,car,0.78,1138.2146,400.3767
538,321,2,car,0.79,999.9627,307.6361
538,313,2,car,0.69,1206.294,212.47507
538,230,2,car,0.36,623.43225,141.02383
538,68,0,person,0.51,1878.4252,270.25357
538,328,2,car,0.46,1011.703,209.03519
538,333,2,car,0.49,1084.52,161.8436
538,341,2,car,0.4,998.8479,207.5151
539,29,2,car,0.71,241.35522,189.64088
539,206,2,car,0.71,451.56274,157.87024
539,211,2,car,0.57,538.41565,144.98912
539,303,2,car,0.73,1140.992,406.29932
539,321,2,car,0.8,999.0908,311.1191
539,313,2,car,0.72,1208.6146,215.02252
539,230,2,car,0.29,623.61694,139.9877
539,68,0,person,0.54,1878.3934,270.073
539,328,2,car,0.45,1011.1028,210.14337
539,333,2,car,0.59,1084.8706,161.80748
539,341,2,car,0.38,997.71045,208.68825
539,343,5,bus,0.33,1298.006,130.73857
540,29,2,car,0.72,241.0325,189.74251
540,206,2,car,0.69,451.39352,158.08064
540,211,2,car,0.57,538.27826,145.24768
540,303,2,car,0.79,1142.2207,413.71667
540,321,2,car,0.83,996.9138,315.53064
540,313,2,car,0.7,1211.0988,215.73166
540,230,2,car,0.26,623.3136,139.64005
540,68,0,person,0.51,1877.8702,270.24054
540,328,2,car,0.31,1010.9319,211.2414
540,333,2,car,0.65,1084.7295,161.50049
540,341,2,car,0.36,995.628,210.49463
540,343,5,bus,0.26,1297.752,130.7374
541,29,2,car,0.73,241.73973,189.77985
541,206,2,car,0.7,451.77313,158.13612
541,211,2,car,0.57,538.8076,144.93433
541,303,2,car,0.69,1144.2751,420.11758
541,321,2,car,0.83,994.5565,320.5017
541,313,2,car,0.72,1213.6676,217.24446
541,230,2,car,0.3,623.85486,139.52887
541,68,0,person,0.54,1877.8594,269.97668
541,328,2,car,0.39,1012.2389,211.37775
541,333,2,car,0.69,1085.2548,162.7953
542,29,2,car,0.69,241.85272,190.21414
542,206,2,car,0.7,451.78583,157.69577
542,211,2,car,0.59,539.15466,144.49103
542,303,2,car,0.75,1146.7317,429.71408
542,321,2,car,0.82,993.2759,324.32745
542,313,2,car,0.68,1214.9578,217.56595
542,230,2,car,0.29,623.8248,139.14342
542,68,0,person,0.54,1877.5066,269.92657
542,328,2,car,0.36,1011.18335,212.49625
542,333,2,car,0.72,1085.5669,163.71396
542,341,2,car,0.3,987.20874,211.4254
543,29,2,car,0.66,242.22293,189.41818
543,206,2,car,0.62,452.27094,157.09744
543,211,2,car,0.59,539.09143,144.34605
543,303,2,car,0.78,1149.1438,437.75336
543,321,2,car,0.88,991.70337,328.99893
543,313,2,car,0.75,1215.6887,220.32974
543,230,2,car,0.27,624.6264,138.95712
543,68,0,person,0.64,1876.553,270.314
543,328,2,car,0.43,1010.6594,213.67332
543,333,2,car,0.52,1086.4021,165.21423
543,348,0,person,0.43,1905.9109,272.8932
543,341,2,car,0.35,991.6255,211.97055
544,29,2,car,0.66,242.45499,189.46335
544,206,2,car,0.63,452.48962,157.07733
544,211,2,car,0.59,539.1069,144.45918
544,303,2,car,0.86,1151.8713,445.49008
544,321,2,car,0.83,989.8322,333.42862
544,313,2,car,0.82,1217.263,222.34949
544,230,2,car,0.28,624.93445,139.03177
544,68,0,person,0.65,1876.0692,270.38153
544,328,2,car,0.48,1011.5176,215.96884
544,333,2,car,0.64,1086.5654,165.27347
544,348,0,person,0.48,1906.2749,273.7989
544,341,2,car,0.33,983.92993,213.39378
544,351,2,car,0.38,1131.7334,141.8909
545,29,2,car,0.68,241.77933,190.43036
545,206,2,car,0.69,452.08527,157.61072
545,211,2,car,0.6,539.2984,144.65208
545,303,2,car,0.7,1155.7311,453.5796
545,321,2,car,0.83,986.5547,339.4842
545,313,2,car,0.84,1218.6758,224.96121
545,230,2,car,0.33,624.23596,139.24078
545,68,0,person,0.65,1875.4065,270.05817
545,328,2,car,0.42,1011.8963,217.52184
545,333,2,car,0.7,1086.8606,164.9068
545,348,0,person,0.49,1906.5374,274.29056
545,341,2,car,0.33,987.4702,214.13922
546,29,2,car,0.64,242.76877,189.27982
546,206,2,car,0.64,452.5149,157.20335
546,211,2,car,0.61,539.4668,144.35684
546,303,2,car,0.78,1158.6614,460.62854
546,321,2,car,0.88,985.6688,344.91162
546,313,2,car,0.79,1220.3914,226.18796
546,230,2,car,0.35,625.4232,138.67886
546,68,0,person,0.63,1875.2344,270.6618
546,328,2,car,0.53,1010.1229,219.98755
546,333,2,car,0.58,1087.0112,165.55496
546,348,0,person,0.5,1907.3435,275.1717
546,341,2,car,0.38,993.09436,215.84909
546,265,2,car,0.26,1020.94556,186.13116
547,29,2,car,0.71,240.85898,188.72867
547,206,2,car,0.6,451.72925,156.64648
547,211,2,car,0.56,538.3051,143.30798
547,303,2,car,0.76,1160.0178,471.12354
547,321,2,car,0.88,983.5177,348.83618
547,313,2,car,0.76,1222.0422,226.86102
547,230,2,car,0.33,625.45557,138.78001
547,68,0,person,0.7,1876.2941,269.282
547,328,2,car,0.55,1008.60767,220.91214
547,333,2,car,0.65,1086.9586,164.67224
547,348,0,person,0.31,1910.2036,275.93512
547,341,2,car,0.41,994.495,216.33011
547,265,2,car,0.28,1020.97565,186.37282
548,29,2,car,0.68,235.42043,188.13171
548,206,2,car,0.73,447.41757,156.74158
548,211,2,car,0.54,534.74365,142.13432
548,303,2,car,0.75,1163.6973,479.26855
548,321,2,car,0.91,982.244,353.2795
548,313,2,car,0.76,1224.9751,226.26212
548,230,2,car,0.39,622.0044,137.52386
548,68,0,person,0.7,1879.788,267.16138
548,328,2,car,0.61,1008.0242,219.85556
548,333,2,car,0.65,1086.5503,165.50186
548,341,2,car,0.44,995.50635,215.15851
548,312,2,car,0.26,710.6639,123.90096
548,343,5,bus,0.39,1307.3711,131.9976
548,351,2,car,0.39,1136.1654,140.61203
549,29,2,car,0.68,230.66666,186.09756
549,206,2,car,0.68,443.0642,154.47467
549,211,2,car,0.43,534.9992,138.81216
549,303,2,car,0.82,1167.5602,489.64917
549,321,2,car,0.84,979.85925,358.94257
549,313,2,car,0.79,1229.0682,226.32278
549,68,0,person,0.65,1886.5065,266.47232
549,328,2,car,0.59,1008.24554,219.12936
549,333,2,car,0.54,1087.7988,163.99496
549,341,2,car,0.42,996.28107,215.0423
549,343,5,bus,0.47,1307.7698,129.5622
549,351,2,car,0.4,1136.1743,139.24112
550,29,2,car,0.71,227.8001,184.12135
550,206,2,car,0.69,441.1885,153.87225
550,211,2,car,0.49,531.9029,137.20923
550,303,2,car,0.66,1172.1628,499.9594
550,321,2,car,0.83,977.58374,363.91678
550,313,2,car,0.74,1233.6152,227.07649
550,68,0,person,0.46,1891.1763,266.0373
550,328,2,car,0.57,1007.27826,219.77611
550,333,2,car,0.61,1088.67,163.03203
550,341,2,car,0.4,997.8691,215.35495
550,343,5,bus,0.26,1311.9282,128.93436
550,351,2,car,0.41,1137.6942,138.06784
551,29,2,car,0.74,223.46783,183.71771
551,206,2,car,0.7,440.21466,153.20218
551,211,2,car,0.43,530.93,136.27365
551,303,2,car,0.67,1175.9458,510.7472
551,321,2,car,0.86,975.0425,369.90118
551,313,2,car,0.78,1235.6663,227.94067
551,328,2,car,0.57,1007.214,220.5763
551,333,2,car,0.6,1089.5132,163.77345
551,341,2,car,0.37,997.7085,215.41562
552,29,2,car,0.76,222.8534,183.59122
552,206,2,car,0.69,439.8061,151.6084
552,211,2,car,0.42,529.80194,135.50421
552,303,2,car,0.76,1179.1296,522.37427
552,321,2,car,0.89,973.3584,375.31946
552,313,2,car,0.77,1237.6245,230.27606
552,328,2,car,0.48,1007.6504,222.33752
552,333,2,car,0.65,1090.0652,164.77704
552,341,2,car,0.34,997.13855,216.67593
552,351,2,car,0.28,1139.7141,135.92268
553,29,2,car,0.76,222.1351,182.3566
553,206,2,car,0.66,438.93384,150.96317
553,211,2,car,0.42,528.9517,134.56195
553,303,2,car,0.79,1183.3301,533.57324
553,321,2,car,0.89,971.0027,382.604
553,313,2,car,0.76,1240.4584,231.8275
553,328,2,car,0.47,1008.2573,223.30301
553,333,2,car,0.69,1089.9805,164.97668
553,341,2,car,0.39,997.0464,218.59256
553,351,2,car,0.43,1142.064,134.4896
553,68,0,person,0.38,1898.5742,265.11667
554,29,2,car,0.75,220.07506,181.03159
554,206,2,car,0.67,437.9206,150.40395
554,211,2,car,0.41,529.03345,133.30258
554,303,2,car,0.75,1188.464,548.46747
554,321,2,car,0.89,967.8717,389.27515
554,313,2,car,0.66,1243.7786,232.23965
554,328,2,car,0.53,1008.20056,224.29033
554,333,2,car,0.7,1090.4521,164.43423
554,341,2,car,0.33,997.2276,220.49808
554,351,2,car,0.26,1144.5906,133.05243
554,68,0,person,0.63,1901.7767,264.13715
554,230,2,car,0.34,616.8717,127.47501
555,29,2,car,0.71,215.67735,179.42706
555,206,2,car,0.63,434.56628,148.43379
555,211,2,car,0.43,525.0622,131.31174
555,303,2,car,0.83,1193.7422,563.03174
555,321,2,car,0.87,965.651,397.16794
555,313,2,car,0.69,1248.1643,233.02069
555,328,2,car,0.56,1007.9625,224.1474
555,333,2,car,0.7,1091.3933,163.22055
555,341,2,car,0.47,996.3959,220.06573
555,68,0,person,0.51,1906.064,262.8477
555,230,2,car,0.42,614.29266,126.7005
555,232,2,car,0.32,984.4165,116.24973
555,343,5,bus,0.35,1317.1721,123.50813
556,29,2,car,0.65,212.76868,178.95233
556,206,2,car,0.6,432.6178,147.97546
556,211,2,car,0.33,522.18964,131.61766
556,303,2,car,0.81,1199.3887,577.7982
556,321,2,car,0.84,963.0567,404.8349
556,313,2,car,0.65,1253.4858,234.65434
556,328,2,car,0.52,1005.3984,226.30362
556,333,2,car,0.66,1091.9961,162.51736
556,341,2,car,0.53,995.3655,222.66289
556,68,0,person,0.57,1907.3271,263.155
556,230,2,car,0.39,612.78894,126.072815
556,343,5,bus,0.29,1320.5781,123.37104
557,29,2,car,0.63,209.04175,176.73653
557,206,2,car,0.64,429.56476,146.59476
557,211,2,car,0.34,521.11676,130.27725
557,303,2,car,0.79,1205.172,591.7112
557,321,2,car,0.86,960.1061,411.93524
557,313,2,car,0.79,1257.8823,235.39915
557,328,2,car,0.55,1003.849,226.2738
557,333,2,car,0.68,1093.1298,161.52829
557,230,2,car,0.43,610.4116,125.15687
557,343,5,bus,0.43,1322.0496,122.086105
557,351,2,car,0.25,1150.9504,128.97836
557,232,2,car,0.35,984.3564,112.96915
558,29,2,car,0.72,203.08942,175.75018
558,206,2,car,0.57,426.5954,144.90686
558,211,2,car,0.43,519.87024,127.97728
558,303,2,car,0.81,1212.8054,609.0116
558,321,2,car,0.84,958.3729,420.99792
558,313,2,car,0.76,1261.1299,235.5584
558,328,2,car,0.52,1003.17395,225.80173
558,333,2,car,0.68,1095.4398,160.69582
558,230,2,car,0.39,607.67426,123.3107
558,232,2,car,0.28,985.70496,111.46858
558,341,2,car,0.53,995.68335,223.07312
559,29,2,car,0.63,201.24402,173.97697
559,206,2,car,0.57,424.15698,142.91089
559,211,2,car,0.5,517.3358,125.02404
559,303,2,car,0.78,1219.679,628.55396
559,321,2,car,0.81,954.60754,429.5318
559,313,2,car,0.67,1264.0614,237.14255
559,328,2,car,0.64,1004.3915,227.18419
559,333,2,car,0.7,1096.6746,160.30673
559,230,2,car,0.38,605.6771,119.99454
559,359,2,car,0.35,1020.79614,186.58855
560,29,2,car,0.63,199.26582,173.91956
560,206,2,car,0.57,422.16217,141.93843
560,211,2,car,0.52,515.27905,124.23579
560,303,2,car,0.81,1225.9377,646.664
560,321,2,car,0.85,951.6235,438.57993
560,313,2,car,0.7,1268.4009,238.79558
560,328,2,car,0.58,1004.7232,229.15826
560,333,2,car,0.69,1097.3765,160.22571
560,230,2,car,0.49,604.71106,117.9718
560,359,2,car,0.28,1019.9172,186.80768
560,232,2,car,0.27,986.77637,110.18297
561,29,2,car,0.69,197.86009,173.46823
561,206,2,car,0.57,421.0545,141.59195
561,211,2,car,0.5,513.9513,123.82008
561,303,2,car,0.77,1232.5386,666.7593
561,321,2,car,0.8,948.54553,447.73108
561,313,2,car,0.68,1272.509,242.85646
561,328,2,car,0.57,1004.8259,230.13539
561,333,2,car,0.68,1098.6604,160.3866
561,230,2,car,0.47,603.4501,117.1033
561,359,2,car,0.27,1019.98975,186.54218
561,343,5,bus,0.32,1330.8008,115.70032
562,29,2,car,0.74,196.95078,172.84052
562,206,2,car,0.56,420.55328,141.21002
562,211,2,car,0.58,513.6413,123.62488
562,303,2,car,0.81,1239.2537,687.1144
562,321,2,car,0.78,945.909,458.43842
562,313,2,car,0.78,1276.1848,246.1879
562,328,2,car,0.61,1004.9664,231.85004
562,333,2,car,0.64,1099.495,161.21436
562,230,2,car,0.45,603.1522,117.90902
562,359,2,car,0.32,1019.47363,188.28851
562,361,2,car,0.36,983.7625,158.70184
562,343,5,bus,0.29,1330.9653,114.91936
562,351,2,car,0.28,1156.294,125.131134
563,29,2,car,0.76,192.08179,171.56677
563,206,2,car,0.5,418.5432,140.27113
563,211,2,car,0.6,511.5218,122.51618
563,303,2,car,0.84,1248.8674,712.3961
563,321,2,car,0.8,943.51465,468.9265
563,313,2,car,0.84,1280.1407,249.71175
563,328,2,car,0.57,1004.3306,232.48895
563,333,2,car,0.61,1100.8446,160.08612
563,230,2,car,0.44,602.9188,117.47653
563,359,2,car,0.36,1019.51715,188.01593
563,361,2,car,0.32,982.32916,158.80577
563,343,5,bus,0.46,1336.2534,115.090576
563,351,2,car,0.4,1157.6288,124.23157
564,29,2,car,0.77,188.87555,170.04617
564,206,2,car,0.59,415.47675,137.99011
564,211,2,car,0.55,510.38055,121.07402
564,303,2,car,0.86,1258.0784,737.8578
564,321,2,car,0.76,939.84045,481.35815
564,313,2,car,0.78,1285.2256,251.2784
564,328,2,car,0.56,1004.2625,232.8393
564,333,2,car,0.72,1102.5182,158.42177
564,230,2,car,0.57,601.31433,115.05798
564,359,2,car,0.34,1020.05695,187.28021
564,361,2,car,0.32,982.0437,159.48796
564,343,5,bus,0.43,1341.2183,113.67426
564,351,2,car,0.62,1159.0471,123.84385
565,29,2,car,0.78,186.17319,169.18811
565,206,2,car,0.57,413.2088,136.6362
565,211,2,car,0.56,509.7765,119.14604
565,303,2,car,0.84,1267.5432,764.5104
565,321,2,car,0.78,934.7865,492.99353
565,313,2,car,0.71,1289.1184,253.42502
565,328,2,car,0.62,1004.9796,234.81749
565,333,2,car,0.64,1102.5051,157.30573
565,230,2,car,0.44,600.9049,116.24637
565,359,2,car,0.43,1019.51855,187.6684
565,361,2,car,0.36,981.57275,159.08128
565,343,5,bus,0.4,1342.7473,113.94241
565,351,2,car,0.64,1159.7463,124.215225
566,29,2,car,0.79,185.2891,168.79605
566,206,2,car,0.65,412.07477,135.53741
566,211,2,car,0.52,509.4336,117.14981
566,303,2,car,0.84,1277.8472,793.139
566,321,2,car,0.74,931.8286,506.00165
566,313,2,car,0.78,1294.0256,255.50592
566,328,2,car,0.52,1005.17114,236.97864
566,333,2,car,0.69,1103.4785,156.60156
566,230,2,car,0.52,601.09436,114.69933
566,359,2,car,0.4,1020.0967,188.03189
566,361,2,car,0.37,981.7893,159.43903
566,351,2,car,0.38,1162.0112,123.97888
567,29,2,car,0.84,183.3056,169.07362
567,206,2,car,0.66,411.33936,134.30713
567,211,2,car,0.53,508.7652,115.72127
567,303,2,car,0.83,1288.51,824.29517
567,321,2,car,0.76,927.28467,520.46704
567,313,2,car,0.8,1300.5635,257.5172
567,328,2,car,0.58,1005.16534,238.54605
567,333,2,car,0.7,1103.8795,156.86111
567,230,2,car,0.44,597.8537,112.934616
567,359,2,car,0.39,1020.0038,187.33118
567,361,2,car,0.38,981.5667,159.72949
567,351,2,car,0.69,1162.7546,124.73001
568,29,2,car,0.84,182.53046,169.89081
568,206,2,car,0.65,411.29785,134.18265
568,211,2,car,0.53,508.7129,115.51084
568,303,2,car,0.89,1300.4604,859.6624
568,321,2,car,0.84,923.49713,533.9582
568,313,2,car,0.78,1304.7576,259.96136
568,328,2,car,0.65,1005.1979,241.04443
568,333,2,car,0.71,1104.7251,158.43665
568,230,2,car,0.45,596.8215,112.57994
568,359,2,car,0.55,1020.2117,189.09459
568,361,2,car,0.3,981.9811,159.35568
568,351,2,car,0.63,1164.0203,125.95808
568,343,5,bus,0.36,1352.8806,114.72337
569,29,2,car,0.83,181.44568,169.2876
569,206,2,car,0.62,411.38263,133.98578
569,211,2,car,0.51,508.85718,115.0018
569,303,2,car,0.91,1311.3345,892.6704
569,321,2,car,0.76,918.2793,549.7795
569,313,2,car,0.82,1306.8628,263.88214
569,328,2,car,0.63,1005.7223,243.10245
569,333,2,car,0.71,1105.5869,159.42958
569,230,2,car,0.41,596.6504,112.173355
569,359,2,car,0.32,1018.9979,190.75229
569,361,2,car,0.47,981.5915,159.1434
569,351,2,car,0.74,1165.8804,126.75323
569,343,5,bus,0.34,1353.6304,115.43436
569,232,2,car,0.35,989.7068,98.8022
570,29,2,car,0.83,180.29562,167.88841
570,206,2,car,0.62,410.50912,133.32379
570,211,2,car,0.49,508.57266,114.434235
570,303,2,car,0.74,1323.3303,913.2978
570,321,2,car,0.84,912.7878,566.4225
570,313,2,car,0.8,1310.3287,267.70697
570,328,2,car,0.53,1006.0567,245.2092
570,333,2,car,0.71,1106.207,161.28789
570,230,2,car,0.34,596.9186,112.23223
570,359,2,car,0.29,1019.2358,194.01291
570,361,2,car,0.39,981.4249,160.22568
570,351,2,car,0.63,1167.4009,126.425934
570,343,5,bus,0.38,1356.7903,116.71088
570,232,2,car,0.35,989.4497,98.46805
571,29,2,car,0.8,179.62555,168.0126
571,206,2,car,0.62,410.4378,133.78564
571,211,2,car,0.48,508.39185,114.8134
571,303,2,car,0.43,1335.7933,927.6244
571,321,2,car,0.72,907.51685,585.23254
571,313,2,car,0.73,1315.2617,273.4303
571,328,2,car,0.55,1006.7551,248.39664
571,333,2,car,0.72,1107.3457,163.6246
571,230,2,car,0.39,596.7584,112.63962
571,359,2,car,0.34,1018.46606,197.08853
571,361,2,car,0.4,981.8523,161.18195
571,351,2,car,0.58,1168.7097,127.244095
571,343,5,bus,0.37,1358.6991,117.14201
571,232,2,car,0.34,989.57056,98.94092
572,29,2,car,0.83,179.21303,166.39946
572,206,2,car,0.63,410.03696,133.23999
572,211,2,car,0.51,508.17468,114.287506
572,303,2,car,0.64,1347.3015,944.0834
572,321,2,car,0.81,901.9635,603.9458
572,313,2,car,0.72,1319.6304,277.62393
572,328,2,car,0.59,1006.5416,249.20824
572,333,2,car,0.73,1108.4536,165.00409
572,230,2,car,0.36,597.9424,111.94002
572,359,2,car,0.39,1018.5268,196.0516
572,361,2,car,0.41,982.09204,160.55876
572,351,2,car,0.55,1170.6199,127.26676
572,343,5,bus,0.6,1360.999,117.26282
572,232,2,car,0.35,989.81824,98.629616
573,29,2,car,0.83,178.56442,166.3638
573,206,2,car,0.67,409.15967,133.24686
573,211,2,car,0.52,507.57248,114.52754
573,303,2,car,0.57,1357.0452,962.93134
573,321,2,car,0.88,896.66736,623.98145
573,313,2,car,0.75,1322.3596,281.96204
573,328,2,car,0.57,1005.40985,252.6297
573,333,2,car,0.73,1109.0972,165.55528
573,230,2,car,0.37,597.87134,111.738174
573,359,2,car,0.37,1018.9563,198.20627
573,361,2,car,0.36,980.84204,161.37305
573,351,2,car,0.51,1171.626,127.60138
573,343,5,bus,0.48,1361.7725,117.215195
573,232,2,car,0.39,989.80225,98.1788
574,29,2,car,0.85,178.039,166.30957
574,206,2,car,0.66,408.8504,133.33542
574,211,2,car,0.5,507.43927,114.79728
574,303,2,car,0.74,1360.2744,979.9352
574,321,2,car,0.89,890.7168,645.34875
574,313,2,car,0.8,1328.5068,286.1988
574,328,2,car,0.67,1004.9481,254.46603
574,333,2,car,0.77,1110.1232,167.39226
574,230,2,car,0.36,597.7085,112.23462
574,359,2,car,0.5,1018.149,196.7949
574,361,2,car,0.38,980.78516,161.892
574,351,2,car,0.48,1172.9541,130.14975
574,343,5,bus,0.28,1360.9675,118.87708
574,232,2,car,0.34,989.8684,98.72684
575,29,2,car,0.84,177.24799,166.32831
575,206,2,car,0.69,408.92694,133.07487
575,211,2,car,0.52,506.76495,114.85045
575,303,2,car,0.6,1365.3318,1001.1758
575,321,2,car,0.78,883.0905,668.2802
575,313,2,car,0.76,1332.6342,290.04916
575,328,2,car,0.57,1003.7969,256.12662
575,333,2,car,0.79,1110.9598,168.02457
575,230,2,car,0.35,597.19855,111.64636
575,359,2,car,0.45,1017.0822,198.99237
575,361,2,car,0.44,979.8568,163.60446
575,351,2,car,0.39,1173.6912,131.1059
575,343,5,bus,0.4,1362.7947,119.39601
575,232,2,car,0.35,990.0773,98.86713
576,29,2,car,0.84,177.70908,166.72849
576,206,2,car,0.65,409.52917,133.43263
576,211,2,car,0.48,507.8672,115.27448
576,303,2,car,0.68,1374.622,1023.2936
576,321,2,car,0.79,876.9199,693.58417
576,313,2,car,0.74,1336.492,293.582
576,328,2,car,0.46,1003.03735,260.7931
576,333,2,car,0.79,1111.8662,169.01685
576,230,2,car,0.38,597.60974,113.097855
576,359,2,car,0.41,1016.8972,200.34933
576,361,2,car,0.44,979.64557,165.06883
576,351,2,car,0.44,1175.1902,132.22891
576,343,5,bus,0.64,1365.3154,119.64158
576,232,2,car,0.27,991.6979,100.80788
577,29,2,car,0.83,178.5463,166.74365
577,206,2,car,0.65,410.11725,133.59499
577,211,2,car,0.49,508.84845,115.3871
577,321,2,car,0.83,869.3739,721.0299
577,313,2,car,0.7,1341.7058,297.3822
577,328,2,car,0.49,1004.1928,264.74417
577,333,2,car,0.82,1112.1116,170.71487
577,230,2,car,0.43,599.3757,114.30809
577,359,2,car,0.37,1017.047,203.30222
577,361,2,car,0.49,979.3835,167.60594
577,351,2,car,0.49,1176.5575,132.96367
577,343,6,train,0.45,1363.3229,118.04166
577,232,2,car,0.28,992.84503,101.47969
578,29,2,car,0.82,176.94847,166.71828
578,206,2,car,0.65,409.12024,133.36903
578,211,2,car,0.51,507.82227,115.338974
578,321,2,car,0.86,860.6311,749.8418
578,313,2,car,0.74,1346.9359,302.38416
578,328,2,car,0.49,1003.942,267.8161
578,333,2,car,0.81,1112.3713,171.25032
578,230,2,car,0.39,597.6593,113.89141
578,359,2,car,0.5,1015.9696,204.28226
578,361,2,car,0.52,977.73694,168.19914
578,351,2,car,0.51,1177.2865,132.36868
578,343,5,bus,0.36,1367.5004,118.74653
578,232,2,car,0.29,993.44977,100.99617
579,29,2,car,0.82,176.96101,166.28036
579,206,2,car,0.64,409.3368,133.21173
579,211,2,car,0.5,508.03082,115.22814
579,321,2,car,0.85,851.3347,780.9125
579,313,2,car,0.7,1352.0189,308.2221
579,328,2,car,0.6,1003.61816,270.1303
579,333,2,car,0.76,1113.0149,175.23685
579,230,2,car,0.4,597.81726,113.87824
579,359,2,car,0.61,1015.7958,206.45761
579,361,2,car,0.57,976.47437,168.79907
579,351,2,car,0.63,1177.4731,133.9952
579,343,6,train,0.28,1365.6367,119.28946
579,232,2,car,0.3,993.97144,101.10994
580,29,2,car,0.82,176.87985,165.86667
580,206,2,car,0.63,409.32745,133.15057
580,211,2,car,0.5,508.3028,115.13231
580,321,2,car,0.88,840.7886,815.2933
580,313,2,car,0.77,1357.0325,314.24216
580,328,2,car,0.46,1002.4815,272.79535
580,333,2,car,0.78,1113.4924,177.59921
580,230,2,car,0.43,598.651,114.19414
580,359,2,car,0.57,1014.7178,207.63864
580,361,2,car,0.59,975.072,171.20721
580,351,2,car,0.63,1178.0957,134.95624
580,343,5,bus,0.38,1372.0862,120.78253
580,232,2,car,0.32,994.04956,101.46187
581,29,2,car,0.82,176.89928,166.08488
581,206,2,car,0.62,409.51596,133.07855
581,211,2,car,0.5,508.30026,115.03702
581,321,2,car,0.89,830.7544,851.69696
581,313,2,car,0.71,1361.5269,317.8891
581,328,2,car,0.58,1002.3828,274.65253
581,333,2,car,0.8,1114.3845,178.6155
581,230,2,car,0.38,598.7971,114.142715
581,359,2,car,0.62,1013.89667,210.50424
581,361,2,car,0.64,975.2425,170.76935
581,351,2,car,0.65,1178.5371,135.19547
581,343,5,bus,0.36,1372.3733,119.99333
581,232,2,car,0.3,994.38904,101.09028
582,29,2,car,0.84,177.34338,165.7752
582,206,2,car,0.62,409.28296,132.91106
582,211,2,car,0.49,508.6651,114.823364
582,321,2,car,0.78,818.9794,891.77673
582,313,2,car,0.74,1366.0321,323.12952
582,328,2,car,0.55,1002.1107,276.53986
582,333,2,car,0.79,1115.3755,179.79012
582,230,2,car,0.4,599.55615,114.02287
582,359,2,car,0.58,1013.5581,210.52194
582,361,2,car,0.58,974.4829,171.31842
582,351,2,car,0.66,1179.7278,136.0772
582,343,5,bus,0.39,1371.5186,120.07394
582,232,2,car,0.33,995.1044,101.05683
582,376,2,car,0.33,1036.3546,134.69444
583,29,2,car,0.83,177.77258,166.05182
583,206,2,car,0.6,409.50522,133.19211
583,211,2,car,0.49,508.86832,115.13968
583,321,2,car,0.65,806.3082,922.9715
583,313,2,car,0.72,1373.188,328.78223
583,328,2,car,0.61,1002.0532,280.57608
583,333,2,car,0.77,1115.8289,181.31946
583,230,2,car,0.41,599.3533,113.81499
583,359,2,car,0.61,1013.5263,214.23393
583,361,2,car,0.59,973.35095,172.49382
583,351,2,car,0.7,1180.6619,136.77127
583,343,5,bus,0.38,1375.5991,120.016464
583,232,2,car,0.37,995.21704,101.0977
583,376,2,car,0.38,1035.2618,134.9049
584,29,2,car,0.8,177.49815,167.12332
584,206,2,car,0.62,409.81573,133.68675
584,211,2,car,0.48,509.14203,115.58492
584,321,2,car,0.57,793.8442,943.6556
584,313,2,car,0.79,1378.7164,335.3853
584,328,2,car,0.57,999.8371,286.54614
584,333,2,car,0.69,1116.725,182.33234
584,230,2,car,0.42,600.0256,113.32065
584,359,2,car,0.59,1013.4111,215.44507
584,361,2,car,0.58,972.5908,172.83203
584,351,2,car,0.58,1181.4924,136.68494
584,343,5,bus,0.35,1372.732,119.467865
584,232,2,car,0.34,995.1505,100.9728
584,376,2,car,0.4,1034.9249,135.54285
585,29,2,car,0.79,177.72266,167.91757
585,206,2,car,0.6,410.3152,134.35571
585,211,2,car,0.51,509.1545,115.98607
585,321,2,car,0.61,785.4822,964.78577
585,313,2,car,0.75,1383.4045,341.45123
585,328,2,car,0.59,999.3529,288.6857
585,333,2,car,0.67,1117.3739,183.91205
585,230,2,car,0.41,600.2965,112.93344
585,359,2,car,0.63,1012.124,217.48639
585,361,2,car,0.49,970.42865,177.72296
585,351,2,car,0.56,1182.1555,138.2511
585,343,5,bus,0.45,1374.2937,119.68303
585,232,2,car,0.36,994.76733,101.414345
585,376,2,car,0.45,1035.6753,136.51466
586,29,2,car,0.79,177.69888,167.74326
586,206,2,car,0.6,410.59238,134.42754
586,211,2,car,0.5,509.1844,116.015854
586,321,2,car,0.4,777.71735,988.36865
586,313,2,car,0.81,1389.1545,348.01178
586,328,2,car,0.66,999.12726,291.21338
586,333,2,car,0.68,1118.7292,185.72696
586,230,2,car,0.43,600.28986,112.4884
586,359,2,car,0.65,1011.5998,217.41132
586,361,2,car,0.56,969.16895,177.89966
586,351,2,car,0.54,1183.5022,139.31544
586,343,5,bus,0.43,1368.5032,117.88466
586,232,2,car,0.4,994.8545,102.56128
586,376,2,car,0.46,1034.7109,137.35872
587,29,2,car,0.78,177.52783,167.70819
587,206,2,car,0.61,410.58484,134.57701
587,211,2,car,0.5,509.12018,116.03754
587,313,2,car,0.77,1393.0355,351.32654
587,328,2,car,0.7,997.63794,293.44495
587,333,2,car,0.66,1119.1221,187.71458
587,230,2,car,0.42,600.2217,112.42285
587,359,2,car,0.65,1011.0241,218.86124
587,361,2,car,0.47,967.97156,181.63098
587,351,2,car,0.71,1184.1997,141.83488
587,343,5,bus,0.4,1366.1987,117.479935
587,232,2,car,0.43,994.6536,102.88899
587,376,2,car,0.5,1035.5579,137.85486
588,29,2,car,0.78,178.12657,168.63188
588,206,2,car,0.61,410.62433,134.66495
588,211,2,car,0.54,509.07437,116.16208
588,313,2,car,0.77,1400.7051,359.1809
588,328,2,car,0.68,995.93896,296.93848
588,333,2,car,0.66,1119.6658,189.39764
588,230,2,car,0.48,600.73267,112.55945
588,359,2,car,0.6,1010.5813,220.1767
588,361,2,car,0.53,966.41046,182.13007
588,351,2,car,0.71,1184.7247,143.49173
588,343,5,bus,0.47,1367.065,117.0943
588,232,2,car,0.44,994.49084,103.01164
588,376,2,car,0.44,1035.8318,138.43393
589,29,2,car,0.78,178.29465,168.13107
589,206,2,car,0.64,411.3553,134.4453
589,211,2,car,0.53,509.21957,115.874916
589,313,2,car,0.72,1406.7026,366.69556
589,328,2,car,0.64,995.2424,300.1696
589,333,2,car,0.69,1119.5526,191.17714
589,230,2,car,0.5,601.53687,112.70279
589,359,2,car,0.58,1010.5458,222.63806
589,361,2,car,0.55,966.642,184.20471
589,351,2,car,0.73,1185.4517,143.6888
589,343,5,bus,0.44,1371.2747,119.04719
589,232,2,car,0.41,994.47156,103.30067
589,376,2,car,0.53,1034.9885,138.57054
590,29,2,car,0.79,178.3959,168.35117
590,206,2,car,0.66,411.849,134.35373
590,211,2,car,0.54,509.19452,115.79329
590,313,2,car,0.76,1413.5763,373.99286
590,328,2,car,0.65,994.0362,304.47577
590,333,2,car,0.71,1119.1372,193.06497
590,230,2,car,0.52,601.9032,112.96785
590,359,2,car,0.67,1009.6886,224.35504
590,361,2,car,0.61,965.50134,185.8125
590,351,2,car,0.7,1186.2883,144.70999
590,343,5,bus,0.3,1374.4542,121.64456
590,232,2,car,0.47,993.89514,103.07045
590,376,2,car,0.61,1034.2794,140.85068
591,29,2,car,0.79,178.18979,168.30933
591,206,2,car,0.65,411.82288,134.27487
591,211,2,car,0.54,509.0509,115.644424
591,313,2,car,0.85,1421.6172,380.5547
591,328,2,car,0.73,993.4595,307.87646
591,333,2,car,0.78,1119.4854,195.15805
591,230,2,car,0.51,601.92444,112.99114
591,359,2,car,0.65,1009.08966,224.59904
591,361,2,car,0.58,963.8318,185.57907
591,351,2,car,0.74,1187.6843,145.36383
591,343,5,bus,0.39,1372.4609,121.25812
591,232,2,car,0.43,993.7057,102.95055
591,376,2,car,0.53,1035.42,141.95787
592,29,2,car,0.81,177.47417,167.07373
592,206,2,car,0.58,410.98138,133.58441
592,211,2,car,0.47,509.0019,115.59358
592,313,2,car,0.75,1427.8228,388.4214
592,328,2,car,0.75,992.82544,311.07172
592,333,2,car,0.75,1119.6693,197.33582
592,230,2,car,0.38,600.7684,112.10821
592,359,2,car,0.59,1008.4286,226.20569
592,361,2,car,0.55,962.6598,186.36496
592,351,2,car,0.69,1188.4268,146.13791
592,343,5,bus,0.44,1376.7334,122.01288
592,232,2,car,0.43,994.09216,102.878944
592,376,2,car,0.59,1036.1243,142.53009
593,29,2,car,0.82,176.82565,166.35968
593,206,2,car,0.57,410.33316,133.48839
593,211,2,car,0.46,509.08008,115.83496
593,313,2,car,0.72,1436.0044,396.1518
593,328,2,car,0.79,991.70276,314.18713
593,333,2,car,0.85,1119.9111,199.55566
593,230,2,car,0.36,600.2638,112.0453
593,359,2,car,0.62,1007.37463,226.3836
593,361,2,car,0.5,960.83435,189.35117
593,351,2,car,0.59,1188.9722,147.55234
593,343,5,bus,0.44,1378.4015,122.83348
593,232,2,car,0.44,993.6847,102.90714
593,376,2,car,0.57,1035.2932,144.18494
594,29,2,car,0.8,177.19362,167.17688
594,206,2,car,0.59,410.0877,134.11205
594,211,2,car,0.48,509.0544,116.38459
594,313,2,car,0.71,1441.8855,403.15308
594,328,2,car,0.79,990.7157,318.32678
594,333,2,car,0.82,1120.3711,201.27576
594,230,2,car,0.41,600.1545,112.28222
594,359,2,car,0.59,1006.3979,229.48706
594,361,2,car,0.53,959.4503,190.85649
594,351,2,car,0.63,1191.1561,148.44197
594,343,5,bus,0.55,1378.0145,123.65287
594,232,2,car,0.43,993.8454,103.4716
594,376,2,car,0.57,1035.3622,144.84973
595,29,2,car,0.8,178.47292,167.30133
595,206,2,car,0.64,411.84357,133.92285
595,211,2,car,0.53,509.76096,116.419876
595,313,2,car,0.78,1449.8086,410.52112
595,328,2,car,0.79,990.922,321.25998
595,333,2,car,0.84,1120.6882,203.0048
595,230,2,car,0.5,601.9053,112.82959
595,359,2,car,0.64,1005.6089,232.7985
595,361,2,car,0.61,958.3983,193.32196
595,351,2,car,0.65,1192.5814,149.3537
595,343,5,bus,0.39,1382.0076,129.36557
595,232,2,car,0.45,993.97455,103.327774
595,376,2,car,0.52,1036.3689,147.28732
596,29,2,car,0.81,179.20883,169.18124
596,206,2,car,0.66,412.37564,134.41147
596,211,2,car,0.54,509.49814,116.19888
596,313,2,car,0.71,1457.5255,421.30133
596,328,2,car,0.77,990.3023,326.42584
596,333,2,car,0.79,1120.8745,205.41782
596,230,2,car,0.5,602.6455,113.02997
596,359,2,car,0.6,1004.7725,236.67447
596,361,2,car,0.73,957.1383,194.55222
596,351,2,car,0.6,1193.6941,150.13034
596,343,5,bus,0.41,1382.9841,129.59023
596,232,2,car,0.45,993.85,103.424225
596,376,2,car,0.43,1035.2131,147.12924
597,29,2,car,0.76,177.54236,168.29417
597,206,2,car,0.63,411.7827,134.4635
597,211,2,car,0.5,509.06653,116.39042
597,313,2,car,0.68,1466.5708,428.9927
597,328,2,car,0.58,988.9109,329.12195
597,333,2,car,0.82,1121.1014,207.6667
597,230,2,car,0.49,602.09735,112.90243
597,359,2,car,0.63,1004.16943,238.58719
597,361,2,car,0.72,955.21716,195.3162
597,351,2,car,0.64,1194.8828,150.96603
597,343,5,bus,0.51,1384.2849,127.08513
597,232,2,car,0.47,993.3911,103.20898
597,376,2,car,0.26,1033.9541,149.41182
598,29,2,car,0.82,177.6514,167.01196
598,206,2,car,0.57,411.19855,133.77429
598,211,2,car,0.46,509.39807,116.396866
598,313,2,car,0.74,1476.1221,438.65936
598,328,2,car,0.77,987.60364,333.05142
598,333,2,car,0.81,1122.0087,208.94403
598,230,2,car,0.4,601.0425,112.07573
598,359,2,car,0.69,1002.8462,239.77666
598,361,2,car,0.77,955.44507,196.1022
598,351,2,car,0.59,1195.9061,151.86075
598,343,5,bus,0.47,1384.3645,126.73386
598,232,2,car,0.41,993.588,103.24324
598,376,2,car,0.34,1033.7192,149.95813
598,383,6,train,0.34,1383.6659,122.39588
599,29,2,car,0.83,177.68628,166.71199
599,206,2,car,0.57,411.10333,133.71585
599,211,2,car,0.46,509.50153,116.65405
599,313,2,car,0.69,1483.7855,448.54712
599,328,2,car,0.71,986.1139,338.70575
599,333,2,car,0.81,1122.9899,210.53096
599,230,2,car,0.4,600.7093,112.14966
599,359,2,car,0.63,1001.911,241.80219
599,361,2,car,0.72,953.54724,197.07669
599,351,2,car,0.62,1196.4546,153.47232
599,343,5,bus,0.48,1383.4749,127.228424
599,232,2,car,0.4,993.5016,103.20963
599,376,2,car,0.36,1032.8751,152.23917
599,383,6,train,0.42,1383.4475,124.18492
600,29,2,car,0.76,177.73962,167.70459
600,206,2,car,0.62,411.5349,134.49709
600,211,2,car,0.48,509.47333,116.49963
600,313,2,car,0.72,1494.6771,458.17642
600,328,2,car,0.81,984.7036,343.85333
600,333,2,car,0.76,1123.7278,212.47499
600,230,2,car,0.46,601.2502,112.43816
600,359,2,car,0.62,1000.8139,243.66461
600,361,2,car,0.77,951.80884,198.25053
600,351,2,car,0.5,1197.5386,154.16528
600,343,5,bus,0.46,1384.9282,127.568954
600,232,2,car,0.41,993.443,102.890945
600,376,2,car,0.4,1031.801,153.23444
600,383,6,train,0.29,1385.8972,123.634026
601,29,2,car,0.83,177.31079,166.68787
601,206,2,car,0.56,410.75494,133.81842
601,211,2,car,0.46,509.35117,116.409836
601,313,2,car,0.71,1505.2759,467.70612
601,328,2,car,0.73,983.97253,349.50806
601,333,2,car,0.77,1124.9124,213.48886
601,230,2,car,0.39,600.5812,111.92587
601,359,2,car,0.63,999.6113,244.98247
601,361,2,car,0.72,951.7791,199.02344
601,351,2,car,0.63,1198.8418,155.46417
601,343,5,bus,0.52,1387.9412,128.01738
601,232,2,car,0.4,993.7554,102.607544
601,376,2,car,0.37,1031.1805,153.382
601,383,6,train,0.31,1389.6802,126.04633
602,29,2,car,0.83,176.66927,165.94417
602,206,2,car,0.56,410.0135,133.2603
602,211,2,car,0.46,509.22485,116.16124
602,313,2,car,0.66,1514.8804,479.13086
602,328,2,car,0.75,983.8639,352.98914
602,333,2,car,0.76,1125.1863,214.83636
602,230,2,car,0.37,599.94446,111.35056
602,359,2,car,0.76,998.901,247.78857
602,361,2,car,0.71,948.57794,199.74721
602,351,2,car,0.71,1199.1492,156.4505
602,343,5,bus,0.46,1389.4985,128.12515
602,232,2,car,0.41,994.5126,102.74002
602,376,2,car,0.56,1029.758,153.5029
602,383,6,train,0.31,1391.5288,124.36536
603,29,2,car,0.86,177.12987,166.00555
603,206,2,car,0.57,410.14478,133.32031
603,211,2,car,0.46,509.78418,116.18544
603,313,2,car,0.52,1526.7236,491.04062
603,328,2,car,0.77,983.246,359.06696
603,333,2,car,0.8,1125.9797,218.19305
603,230,2,car,0.36,600.1044,111.397385
603,359,2,car,0.71,998.058,249.6329
603,361,2,car,0.69,947.61084,201.02875
603,351,2,car,0.57,1201.1187,159.03299
603,343,5,bus,0.36,1389.948,129.27084
603,232,2,car,0.42,995.2641,103.173965
603,376,2,car,0.58,1030.5598,153.97949
604,29,2,car,0.85,177.4679,166.31332
604,206,2,car,0.58,410.2397,133.14186
604,211,2,car,0.47,509.97394,116.35159
604,313,2,car,0.77,1537.2908,503.3194
604,328,2,car,0.84,980.42377,363.35828
604,333,2,car,0.8,1126.4238,220.38553
604,230,2,car,0.38,600.17267,111.74861
604,359,2,car,0.76,997.41595,251.79044
604,361,2,car,0.67,944.22375,204.70192
604,351,2,car,0.71,1201.2228,158.80411
604,343,5,bus,0.4,1391.1987,130.73677
604,232,2,car,0.42,994.52527,103.434006
604,376,2,car,0.63,1030.2966,154.39548
605,29,2,car,0.85,177.48279,166.60721
605,206,2,car,0.61,410.4574,133.40063
605,211,2,car,0.47,509.91333,116.40043
605,313,2,car,0.72,1549.7883,516.8538
605,328,2,car,0.75,979.0946,368.58585
605,333,2,car,0.84,1126.7671,223.57715
605,230,2,car,0.41,600.3466,111.93384
605,359,2,car,0.59,994.87256,254.78983
605,361,2,car,0.67,942.6062,206.36734
605,351,2,car,0.75,1202.1919,159.8598
605,343,6,train,0.42,1394.59,129.04085
605,232,2,car,0.41,994.3767,103.09614
605,376,2,car,0.65,1029.667,155.22359
605,384,5,bus,0.41,1394.6703,128.22818
606,29,2,car,0.82,177.07262,166.37167
606,206,2,car,0.57,409.80865,133.12108
606,211,2,car,0.43,509.67645,115.83925
606,313,2,car,0.68,1563.7543,531.2098
606,328,2,car,0.71,978.117,372.40533
606,333,2,car,0.82,1127.3525,224.70012
606,230,2,car,0.31,600.4684,111.525696
606,359,2,car,0.61,994.19324,257.00513
606,361,2,car,0.66,941.22815,208.26721
606,351,2,car,0.79,1203.4113,161.13156
606,343,5,bus,0.45,1396.9612,131.31143
606,232,2,car,0.41,994.89233,103.23394
606,376,2,car,0.68,1029.4077,155.66574
606,384,6,train,0.34,1396.8499,131.91415
607,29,2,car,0.79,177.25212,166.5888
607,206,2,car,0.56,409.64368,132.98763
607,211,2,car,0.44,509.4827,115.73961
607,313,2,car,0.82,1577.2256,544.6587
607,328,2,car,0.8,976.8251,377.79883
607,333,2,car,0.84,1127.3843,227.03719
607,230,2,car,0.3,600.6312,111.602135
607,359,2,car,0.56,993.4707,260.10913
607,361,2,car,0.76,939.38904,210.74362
607,351,2,car,0.81,1203.6663,163.19058
607,232,2,car,0.45,994.5917,103.55515
607,376,2,car,0.69,1028.9045,156.72726
608,29,2,car,0.85,178.30666,166.83527
608,206,2,car,0.58,410.13583,133.39325
608,211,2,car,0.46,509.88098,116.23913
608,313,2,car,0.71,1592.4354,561.83923
608,328,2,car,0.81,975.2366,383.6846
608,333,2,car,0.81,1127.3113,228.90935
608,230,2,car,0.33,600.79266,111.805214
608,359,2,car,0.6,992.9583,263.02844
608,361,2,car,0.73,938.03094,212.53622
608,351,2,car,0.78,1204.704,166.11029
608,232,2,car,0.41,995.17993,103.843155
608,376,2,car,0.72,1027.8597,156.82697
608,343,6,train,0.29,1397.0846,137.2172
609,29,2,car,0.86,178.10611,166.87518
609,206,2,car,0.59,410.20325,133.37177
609,211,2,car,0.46,509.79523,116.46347
609,313,2,car,0.76,1608.7146,577.44244
609,328,2,car,0.8,973.4055,389.37677
609,333,2,car,0.75,1128.0088,232.28845
609,230,2,car,0.35,600.78125,111.71211
609,359,2,car,0.64,990.0953,266.84265
609,361,2,car,0.7,936.7205,214.55913
609,351,2,car,0.8,1205.088,168.23962
609,232,2,car,0.41,995.1382,103.792244
609,376,2,car,0.71,1027.249,157.71332
609,343,6,train,0.31,1396.9146,139.7593
610,29,2,car,0.83,177.09511,166.37633
610,206,2,car,0.56,409.66302,132.97449
610,211,2,car,0.41,509.60132,116.13162
610,313,2,car,0.75,1625.8474,594.4145
610,328,2,car,0.78,972.40955,396.13635
610,333,2,car,0.69,1129.408,235.65137
610,230,2,car,0.29,600.63904,111.53158
610,359,2,car,0.73,989.49915,269.19235
610,361,2,car,0.61,935.75446,216.06305
610,351,2,car,0.79,1206.6985,168.71246
610,232,2,car,0.4,995.1572,103.927
610,376,2,car,0.73,1027.3947,157.59982
610,343,5,bus,0.42,1397.6763,140.48297
611,29,2,car,0.82,177.00854,166.42844
611,206,2,car,0.6,409.57126,133.12494
611,211,2,car,0.42,509.5691,116.08943
611,313,2,car,0.8,1643.06,612.53845
611,328,2,car,0.83,969.83594,402.42987
611,333,2,car,0.75,1130.2853,238.77884
611,230,2,car,0.32,600.3016,111.5
611,359,2,car,0.81,988.1786,271.17178
611,361,2,car,0.56,934.10443,217.98285
611,351,2,car,0.78,1207.6204,169.02295
611,232,2,car,0.39,994.8308,103.67715
611,376,2,car,0.7,1025.6812,158.41296
611,343,6,train,0.31,1396.7532,140.72037
612,29,2,car,0.83,176.72427,166.37807
612,206,2,car,0.59,409.79208,133.35452
612,211,2,car,0.45,509.55606,116.25972
612,313,2,car,0.8,1661.7174,631.895
612,328,2,car,0.88,968.5786,408.21265
612,333,2,car,0.78,1130.0654,240.44914
612,230,2,car,0.34,600.2372,111.64864
612,359,2,car,0.75,986.3163,274.70142
612,361,2,car,0.6,932.16724,219.49576
612,351,2,car,0.83,1208.3889,169.51994
612,232,2,car,0.42,994.72424,103.87115
612,376,2,car,0.69,1025.6948,158.72406
613,29,2,car,0.81,177.06758,167.15694
613,206,2,car,0.59,410.38715,134.11752
613,211,2,car,0.49,509.06146,116.44632
613,313,2,car,0.81,1683.0413,652.619
613,328,2,car,0.82,967.09357,415.352
613,333,2,car,0.77,1130.3342,243.0167
613,230,2,car,0.44,600.74976,112.60686
613,359,2,car,0.68,985.0169,278.0329
613,361,2,car,0.65,931.1073,221.91986
613,351,2,car,0.71,1209.8098,171.78865
613,232,2,car,0.39,994.0039,103.02951
613,376,2,car,0.71,1024.2422,159.64432
613,343,6,train,0.48,1397.8561,137.75433
614,29,2,car,0.84,177.46445,165.96788
614,206,2,car,0.6,410.92102,133.9003
614,211,2,car,0.48,509.33575,116.22907
614,313,2,car,0.81,1704.4519,674.7042
614,328,2,car,0.76,965.5065,421.9532
614,333,2,car,0.76,1130.9131,245.10031
614,230,2,car,0.43,601.51355,112.12018
614,359,2,car,0.62,984.10974,281.77838
614,361,2,car,0.76,927.452,224.2549
614,351,2,car,0.66,1210.7095,171.61185
614,232,2,car,0.39,994.17773,102.34773
614,376,2,car,0.65,1023.6242,160.46744
614,343,6,train,0.47,1399.8552,136.10574
615,29,2,car,0.82,177.01749,166.39642
615,206,2,car,0.62,410.47754,134.21362
615,211,2,car,0.51,508.86548,116.241714
615,313,2,car,0.8,1726.7693,699.27075
615,328,2,car,0.83,963.2099,429.94315
615,333,2,car,0.76,1131.317,248.67139
615,230,2,car,0.46,601.1339,112.62193
615,359,2,car,0.64,981.88025,284.42706
615,361,2,car,0.71,925.63184,226.74487
615,351,2,car,0.69,1211.6636,174.2105
615,232,2,car,0.42,993.6387,102.60139
615,376,2,car,0.67,1022.7573,162.7417
615,343,6,train,0.42,1403.2384,133.77927
616,29,2,car,0.77,177.05429,168.53244
616,206,2,car,0.62,410.29315,134.60117
616,211,2,car,0.53,508.2816,116.535225
616,313,2,car,0.85,1753.7129,725.0842
616,328,2,car,0.83,962.23486,436.1889
616,333,2,car,0.82,1132.8104,252.00056
616,230,2,car,0.47,601.40607,112.595055
616,359,2,car,0.55,980.4917,286.45905
616,361,2,car,0.6,923.5031,228.63983
616,351,2,car,0.83,1214.1985,175.1994
616,232,2,car,0.4,993.8379,102.97046
616,376,2,car,0.67,1021.90063,164.63321
616,343,6,train,0.51,1404.3177,133.96346
617,29,2,car,0.77,177.24397,168.98486
617,206,2,car,0.6,410.41522,134.42691
617,211,2,car,0.51,508.32678,116.56819
617,313,2,car,0.85,1768.4248,750.36536
617,328,2,car,0.77,959.9247,442.73517
617,333,2,car,0.83,1133.5718,254.46652
617,230,2,car,0.47,601.5679,112.43154
617,359,2,car,0.61,979.0628,288.93768
617,361,2,car,0.68,921.78595,230.20203
617,351,2,car,0.77,1215.0889,176.57864
617,232,2,car,0.39,993.7841,103.01513
617,376,2,car,0.65,1021.8218,163.8953
617,343,6,train,0.35,1402.9719,135.62613
618,29,2,car,0.82,177.80084,169.86284
618,206,2,car,0.61,410.4734,134.91563
618,211,2,car,0.58,508.45538,117.74011
618,313,2,car,0.83,1778.0065,781.525
618,328,2,car,0.74,956.9125,449.10114
618,333,2,car,0.83,1135.1813,259.7368
618,230,2,car,0.49,601.41833,113.007965
618,359,2,car,0.69,976.3137,293.5061
618,361,2,car,0.59,919.1798,231.42342
618,351,2,car,0.84,1216.0405,178.59921
618,232,2,car,0.41,994.426,104.05553
618,376,2,car,0.64,1022.36755,166.26337
618,343,6,train,0.35,1408.5068,134.5903
619,29,2,car,0.82,177.84265,169.69943
619,206,2,car,0.6,410.42484,134.71272
619,211,2,car,0.57,509.06384,118.38191
619,313,2,car,0.9,1789.3778,817.562
619,328,2,car,0.7,954.7837,458.7882
619,333,2,car,0.89,1136.4243,262.99274
619,230,2,car,0.49,601.6255,113.41933
619,359,2,car,0.62,976.29126,297.57855
619,361,2,car,0.64,916.2351,234.561
619,351,2,car,0.77,1217.925,180.72614
619,232,2,car,0.44,995.09827,104.959465
619,376,2,car,0.65,1022.9138,167.36084
619,343,6,train,0.41,1412.125,134.51723
620,29,2,car,0.8,177.49315,170.00153
620,206,2,car,0.6,410.1471,134.88007
620,211,2,car,0.58,508.46387,118.240005
620,313,2,car,0.87,1802.0514,855.3398
620,328,2,car,0.74,951.9983,468.58215
620,333,2,car,0.91,1136.7329,266.0625
620,230,2,car,0.5,601.2971,113.43177
620,359,2,car,0.7,975.77747,299.48688
620,361,2,car,0.65,914.0744,237.00697
620,351,2,car,0.75,1218.709,180.60954
620,232,2,car,0.44,995.1228,104.30355
620,376,2,car,0.66,1023.6113,168.35844
620,343,6,train,0.36,1411.2129,134.86874
621,29,2,car,0.81,177.22275,170.16486
621,206,2,car,0.58,409.77997,135.95895
621,211,2,car,0.55,508.64642,118.94109
621,313,2,car,0.82,1814.6365,886.7187
621,328,2,car,0.65,948.83997,478.73248
621,333,2,car,0.84,1137.3352,269.6338
621,230,2,car,0.51,601.2829,114.27522
621,359,2,car,0.56,972.37274,303.6581
621,361,2,car,0.64,911.8247,240.24985
621,351,2,car,0.72,1219.4326,182.69174
621,232,2,car,0.43,995.1018,105.034645
621,376,2,car,0.63,1023.37915,168.25748
621,343,6,train,0.49,1413.8875,134.85028
622,29,2,car,0.81,176.80505,170.04785
622,206,2,car,0.55,409.57928,136.39359
622,211,2,car,0.55,508.66132,119.350395
622,313,2,car,0.78,1828.7194,907.8156
622,328,2,car,0.73,946.17426,487.86102
622,333,2,car,0.84,1138.0295,273.2369
622,230,2,car,0.53,600.79285,114.67174
622,359,2,car,0.66,969.5488,307.99353
622,361,2,car,0.66,910.38464,241.87007
622,351,2,car,0.72,1219.8777,183.48596
622,232,2,car,0.43,994.8623,104.98951
622,376,2,car,0.57,1023.72424,169.91165
622,343,6,train,0.36,1414.7854,137.36539
623,29,2,car,0.83,177.97452,169.91809
623,206,2,car,0.53,410.22498,136.53055
623,211,2,car,0.56,509.13208,119.81857
623,313,2,car,0.78,1844.0278,921.9242
623,328,2,car,0.72,943.5894,496.3003
623,333,2,car,0.85,1139.6562,276.9588
623,230,2,car,0.46,600.9496,114.43052
623,359,2,car,0.64,966.4028,311.27914
623,361,2,car,0.67,908.1542,244.78568
623,351,2,car,0.76,1222.3225,185.92935
623,232,2,car,0.43,994.42236,105.102516
623,376,2,car,0.66,1024.3938,170.82399
623,343,6,train,0.44,1415.5486,143.46544
624,29,2,car,0.83,177.98302,169.85925
624,206,2,car,0.54,409.8482,137.18805
624,211,2,car,0.52,508.7959,120.23883
624,313,2,car,0.75,1861.5996,944.21594
624,328,2,car,0.65,941.7379,506.1781
624,333,2,car,0.79,1140.8494,280.9523
624,230,2,car,0.47,599.91284,114.39394
624,359,2,car,0.75,967.03894,315.81183
624,361,2,car,0.72,905.7457,247.70116
624,351,2,car,0.74,1223.7496,186.93063
624,232,2,car,0.41,993.57837,105.518166
624,376,2,car,0.55,1023.4614,173.34116
624,343,6,train,0.3,1418.5999,148.06653
625,29,2,car,0.82,177.04025,169.60927
625,206,2,car,0.56,409.29242,137.6034
625,211,2,car,0.52,508.15088,120.3152
625,328,2,car,0.61,939.5292,517.9437
625,333,2,car,0.7,1142.5403,284.51642
625,230,2,car,0.5,599.73846,114.44184
625,359,2,car,0.71,965.7178,319.48972
625,361,2,car,0.72,903.2971,250.08908
625,351,2,car,0.71,1225.2806,188.15414
625,232,2,car,0.41,993.3003,105.97383
625,376,2,car,0.57,1023.19434,177.88503
626,29,2,car,0.79,177.68741,170.4837
626,206,2,car,0.54,409.9939,138.13873
626,211,2,car,0.51,508.10873,120.7858
626,328,2,car,0.63,936.37164,528.2721
626,333,2,car,0.72,1142.8025,287.591
626,230,2,car,0.53,600.03217,114.65779
626,359,2,car,0.67,965.42847,323.57397
626,361,2,car,0.73,900.1681,252.5183
626,351,2,car,0.66,1227.9756,190.02753
626,232,2,car,0.43,993.2351,105.92888
626,376,2,car,0.49,1021.86084,176.78284
626,343,6,train,0.37,1421.811,147.79439
627,29,2,car,0.71,177.35728,172.54321
627,206,2,car,0.59,411.56064,139.50888
627,211,2,car,0.59,508.91016,121.71864
627,328,2,car,0.7,933.8678,540.1695
627,333,2,car,0.7,1143.2622,292.19498
627,230,2,car,0.47,600.9545,115.49977
627,359,2,car,0.56,961.19684,327.76312
627,361,2,car,0.74,896.7741,255.25757
627,351,2,car,0.8,1229.1372,192.27553
627,232,2,car,0.3,993.5062,106.4725
627,376,2,car,0.52,1021.9761,181.59006
627,343,6,train,0.44,1421.5906,148.22531
628,29,2,car,0.73,178.39182,172.48038
628,206,2,car,0.59,412.0381,139.25873
628,211,2,car,0.6,509.0816,121.51077
628,328,2,car,0.73,932.18964,549.5326
628,333,2,car,0.74,1144.0433,296.72223
628,230,2,car,0.48,601.1475,115.33667
628,359,2,car,0.66,957.2041,331.87988
628,361,2,car,0.72,893.6934,256.91913
628,351,2,car,0.77,1230.175,194.17479
628,232,2,car,0.31,993.6874,106.16964
628,376,2,car,0.51,1022.0361,183.83768
628,343,6,train,0.47,1423.1971,148.19771
629,29,2,car,0.71,176.95023,173.14389
629,206,2,car,0.59,411.3296,139.21893
629,211,2,car,0.61,508.365,121.22263
629,328,2,car,0.75,928.9436,562.1831
629,333,2,car,0.76,1145.9043,300.41675
629,230,2,car,0.51,601.35254,115.10416
629,359,2,car,0.65,958.12,335.96375
629,361,2,car,0.71,890.5328,259.22684
629,351,2,car,0.7,1232.1958,194.89977
629,232,2,car,0.41,993.2323,105.33
629,376,2,car,0.56,1020.62054,183.99377
629,343,6,train,0.51,1427.9574,145.68718
630,29,2,car,0.74,178.31421,173.31976
630,206,2,car,0.6,411.6532,138.77621
630,211,2,car,0.59,508.74713,121.10213
630,328,2,car,0.68,927.0412,574.786
630,333,2,car,0.72,1147.9307,302.7839
630,230,2,car,0.53,601.5995,114.605804
630,359,2,car,0.59,957.4663,339.64465
630,361,2,car,0.64,888.10944,260.71057
630,351,2,car,0.67,1233.9453,196.34146
630,232,2,car,0.42,993.4375,105.364456
630,376,2,car,0.52,1019.0171,183.75009
630,343,6,train,0.48,1432.0483,146.96829
630,398,2,car,0.32,1035.8328,120.11588
631,29,2,car,0.73,177.86699,173.42691
631,206,2,car,0.62,411.88248,138.95105
631,211,2,car,0.64,508.7685,121.49846
631,328,2,car,0.69,922.7307,587.87225
631,333,2,car,0.77,1149.1019,307.3355
631,230,2,car,0.53,601.76776,114.84
631,359,2,car,0.64,956.0326,343.05188
631,361,2,car,0.55,885.2779,264.3067
631,351,2,car,0.69,1235.81,201.4364
631,232,2,car,0.42,993.3224,105.49228
631,376,2,car,0.56,1019.8797,187.12515
631,343,6,train,0.61,1433.5758,149.06668
632,29,2,car,0.75,177.49873,173.87024
632,206,2,car,0.52,412.31323,140.49399
632,211,2,car,0.58,509.7782,122.72444
632,328,2,car,0.68,919.72723,602.203
632,333,2,car,0.68,1150.6218,313.24683
632,230,2,car,0.44,601.23315,116.309494
632,359,2,car,0.6,953.7274,347.01428
632,361,2,car,0.67,882.9636,268.96576
632,351,2,car,0.73,1236.4113,205.20349
632,232,2,car,0.33,994.347,106.47934
632,376,2,car,0.62,1019.86194,190.3176
632,343,6,train,0.45,1435.0063,151.84213
632,398,2,car,0.27,1037.4797,122.064384
633,29,2,car,0.77,178.07999,174.23468
633,206,2,car,0.52,412.92828,140.98146
633,211,2,car,0.62,510.55182,123.26703
633,328,2,car,0.76,916.2041,618.6614
633,333,2,car,0.65,1152.6536,318.6526
633,230,2,car,0.51,601.6847,117.92471
633,359,2,car,0.57,952.82104,353.45178
633,361,2,car,0.78,882.6299,272.49408
633,351,2,car,0.84,1237.9985,207.46045
633,232,2,car,0.46,994.67017,108.152954
633,376,2,car,0.59,1018.8362,192.40004
633,343,6,train,0.48,1439.1224,153.1347
633,398,2,car,0.34,1038.1365,122.426575
634,29,2,car,0.75,176.77248,173.33322
634,206,2,car,0.49,412.34796,140.80763
634,211,2,car,0.6,510.11115,123.05828
634,328,2,car,0.72,911.2551,633.3152
634,333,2,car,0.71,1153.691,323.87616
634,230,2,car,0.48,600.5828,117.93362
634,359,2,car,0.73,950.7544,358.76053
634,361,2,car,0.78,878.61316,275.3269
634,351,2,car,0.79,1239.82,208.39075
634,232,2,car,0.45,994.2693,108.39917
634,376,2,car,0.67,1019.6261,193.80676
634,343,6,train,0.42,1439.2643,154.27643
634,398,2,car,0.35,1037.4127,122.99989
635,29,2,car,0.75,176.61832,173.2035
635,206,2,car,0.5,412.50153,140.93398
635,211,2,car,0.6,510.28683,123.10626
635,328,2,car,0.69,907.6575,648.90674
635,333,2,car,0.61,1155.4397,328.30017
635,230,2,car,0.48,600.49365,117.93854
635,359,2,car,0.65,947.2195,361.47815
635,361,2,car,0.74,874.1191,278.33237
635,351,2,car,0.68,1242.4857,210.64386
635,232,2,car,0.45,994.27734,108.51444
635,376,2,car,0.7,1019.1634,194.32773
635,343,6,train,0.51,1441.4409,154.25032
635,398,2,car,0.33,1037.3188,122.89563
635,406,2,car,0.44,1105.3593,132.79442
636,29,2,car,0.78,177.95229,173.01929
636,206,2,car,0.5,412.9933,140.27472
636,211,2,car,0.63,510.68674,122.744446
636,328,2,car,0.8,902.73486,664.6017
636,333,2,car,0.64,1156.6742,333.4457
636,230,2,car,0.47,602.41187,118.72919
636,359,2,car,0.63,945.80786,367.31616
636,361,2,car,0.71,872.093,280.9157
636,351,2,car,0.68,1244.291,211.84299
636,232,2,car,0.44,995.1964,108.253494
636,376,2,car,0.66,1020.0803,195.82983
636,343,6,train,0.41,1442.8491,155.231
636,398,2,car,0.28,1038.102,123.513504
636,406,2,car,0.38,1105.9224,133.00548
636,407,2,car,0.32,1034.291,138.42667
637,29,2,car,0.78,178.05841,173.10533
637,206,2,car,0.52,412.63672,140.14029
637,211,2,car,0.64,510.58856,122.71596
637,328,2,car,0.77,897.74554,683.36255
637,333,2,car,0.72,1157.6514,338.72464
637,230,2,car,0.48,602.0442,118.89024
637,359,2,car,0.58,943.0559,374.472
637,361,2,car,0.75,869.21155,285.48755
637,351,2,car,0.6,1246.9294,213.6152
637,232,2,car,0.43,995.85126,108.23063
637,376,2,car,0.65,1018.8961,195.69403
637,343,6,train,0.55,1444.0607,155.34433
637,398,2,car,0.28,1038.8757,123.096146
637,406,2,car,0.29,1106.3501,134.06868
637,407,2,car,0.33,1035.2931,140.38568
638,29,2,car,0.77,177.80614,172.7085
638,206,2,car,0.58,412.1339,139.77917
638,211,2,car,0.61,510.18262,122.216995
638,328,2,car,0.76,892.9127,702.6112
638,333,2,car,0.8,1160.096,344.3957
638,230,2,car,0.45,601.87744,118.04264
638,359,2,car,0.72,941.907,379.37872
638,361,2,car,0.75,865.7615,288.8974
638,351,2,car,0.78,1248.9274,215.62772
638,232,2,car,0.35,996.0124,107.79031
638,376,2,car,0.59,1018.98016,198.54921
638,343,6,train,0.42,1447.2559,156.42416
638,398,2,car,0.29,1039.1686,122.5251
638,406,2,car,0.35,1107.5538,133.85806
638,407,2,car,0.31,1036.0735,139.38678
639,29,2,car,0.76,177.59386,172.99423
639,206,2,car,0.52,412.1931,140.12976
639,211,2,car,0.6,510.21985,122.355225
639,328,2,car,0.83,889.1683,722.8117
639,333,2,car,0.8,1163.3406,348.52194
639,230,2,car,0.45,601.99023,117.86246
639,359,2,car,0.75,939.9162,385.17218
639,361,2,car,0.65,862.84265,293.05734
639,351,2,car,0.8,1251.2697,217.90752
639,232,2,car,0.36,995.99493,107.77687
639,376,2,car,0.71,1018.52563,200.48091
639,343,6,train,0.54,1447.9127,158.12007
639,406,2,car,0.35,1108.1526,135.51059
639,407,2,car,0.28,1036.2938,138.9231
640,29,2,car,0.76,177.59845,173.0626
640,206,2,car,0.54,412.1951,140.2299
640,211,2,car,0.6,510.33624,122.37584
640,328,2,car,0.81,881.9212,744.93414
640,333,2,car,0.86,1166.2832,354.65393
640,230,2,car,0.46,602.6184,118.186554
640,359,2,car,0.7,938.7136,389.4011
640,361,2,car,0.74,859.38525,295.78
640,351,2,car,0.7,1253.8992,219.73451
640,232,2,car,0.35,996.4728,107.89246
640,376,2,car,0.59,1017.6448,201.96007
640,343,6,train,0.6,1448.1709,157.92159
640,406,2,car,0.4,1109.7351,136.7996
640,407,2,car,0.29,1035.9504,137.64816
641,29,2,car,0.78,178.31377,173.1742
641,206,2,car,0.54,413.25397,140.1293
641,211,2,car,0.63,510.94855,122.84715
641,328,2,car,0.86,875.58215,768.4988
641,333,2,car,0.77,1167.0559,358.9812
641,230,2,car,0.46,603.5127,118.9727
641,359,2,car,0.51,937.19946,397.4106
641,361,2,car,0.7,855.4828,299.68143
641,351,2,car,0.75,1254.8386,222.92584
641,232,2,car,0.45,997.27155,108.708855
641,376,2,car,0.66,1016.49475,204.55745
641,343,6,train,0.48,1454.021,159.9676
641,406,2,car,0.53,1110.4097,137.56804
641,407,2,car,0.36,1035.5854,138.38574
641,398,2,car,0.27,1038.8389,124.68589
642,29,2,car,0.77,178.01688,173.41934
642,206,2,car,0.53,413.29947,140.40933
642,211,2,car,0.62,510.8478,123.11688
642,328,2,car,0.88,870.3688,792.86816
642,333,2,car,0.75,1167.9607,362.9782
642,230,2,car,0.46,603.3805,119.31285
642,359,2,car,0.54,934.6708,402.69128
642,361,2,car,0.71,851.5148,302.06683
642,351,2,car,0.77,1257.2601,225.17677
642,232,2,car,0.44,997.3449,109.05343
642,376,2,car,0.56,1014.6632,203.44995
642,343,6,train,0.5,1454.178,158.1478
642,406,2,car,0.31,1110.5175,139.39923
642,407,2,car,0.32,1035.1709,140.49007
643,29,2,car,0.76,177.87347,172.58293
643,206,2,car,0.58,412.64935,139.29633
643,211,2,car,0.63,510.32776,122.34734
643,328,2,car,0.86,863.4892,818.7467
643,333,2,car,0.63,1169.0708,369.9121
643,230,2,car,0.47,602.5525,117.332344
643,359,2,car,0.59,931.7285,406.16138
643,361,2,car,0.68,846.03235,305.05933
643,351,2,car,0.79,1259.4991,226.32074
643,232,2,car,0.32,997.1011,107.72728
643,376,2,car,0.61,1014.211,204.03418
643,343,6,train,0.43,1464.3008,159.1655
643,406,2,car,0.46,1111.0657,140.05403
643,407,2,car,0.3,1035.0409,140.18893
644,29,2,car,0.78,178.80164,172.00482
644,206,2,car,0.61,412.7209,138.17516
644,211,2,car,0.59,510.26752,121.68483
644,328,2,car,0.83,855.49805,846.9065
644,333,2,car,0.49,1170.5554,376.2716
644,230,2,car,0.51,603.00476,115.90234
644,359,2,car,0.7,929.77966,412.3763
644,361,2,car,0.75,841.7648,309.08514
644,351,2,car,0.86,1261.2098,228.34332
644,232,2,car,0.33,996.6289,106.49315
644,376,2,car,0.63,1014.8155,204.87883
644,343,6,train,0.27,1460.8594,160.14902
644,406,2,car,0.46,1111.7269,140.95404
644,407,2,car,0.32,1033.8507,141.5825
645,29,2,car,0.77,179.26219,173.04248
645,206,2,car,0.54,413.406,139.0794
645,211,2,car,0.61,510.73627,122.48111
645,328,2,car,0.87,848.8584,875.3756
645,333,2,car,0.71,1172.7932,383.87454
645,230,2,car,0.44,603.18933,117.081085
645,359,2,car,0.55,924.6432,421.28986
645,361,2,car,0.72,837.6373,312.63846
645,351,2,car,0.79,1262.5658,231.24089
645,232,2,car,0.28,996.7162,107.16294
645,376,2,car,0.57,1014.49036,207.71933
645,343,6,train,0.45,1460.1156,161.05487
645,406,2,car,0.4,1111.5089,141.76978
646,29,2,car,0.79,179.89523,171.87679
646,206,2,car,0.6,412.9772,137.93356
646,211,2,car,0.56,510.61334,122.2433
646,328,2,car,0.81,840.52167,900.7735
646,333,2,car,0.73,1174.9111,390.8948
646,230,2,car,0.48,603.3087,115.87004
646,359,2,car,0.66,923.38135,426.9463
646,361,2,car,0.75,834.04553,316.1119
646,351,2,car,0.77,1265.2622,231.99783
646,232,2,car,0.3,996.8508,106.279465
646,376,2,car,0.65,1013.8894,208.94598
646,343,6,train,0.31,1466.6697,162.63113
646,406,2,car,0.46,1111.6561,141.14096
646,407,2,car,0.31,1034.6631,142.81294
647,29,2,car,0.82,179.26938,170.01251
647,206,2,car,0.56,412.2038,137.28082
647,211,2,car,0.56,510.31024,121.223404
647,328,2,car,0.68,832.29456,917.73206
647,333,2,car,0.61,1177.5103,398.2126
647,230,2,car,0.55,603.3399,115.63278
647,359,2,car,0.53,921.00854,433.3241
647,361,2,car,0.78,829.9522,320.07635
647,351,2,car,0.64,1269.1731,235.05429
647,232,2,car,0.32,995.9188,106.92259
647,376,2,car,0.61,1015.14636,212.46857
647,406,2,car,0.46,1112.1782,141.31805
647,409,7,truck,0.51,921.583,431.3683
648,29,2,car,0.83,179.2034,169.57703
648,206,2,car,0.59,412.0966,137.28775
648,211,2,car,0.56,510.34625,121.13052
648,328,2,car,0.6,824.5591,930.35547
648,333,2,car,0.69,1181.315,403.4311
648,230,2,car,0.55,603.43933,115.8378
648,359,2,car,0.57,918.80347,438.87338
648,361,2,car,0.8,826.4254,324.00366
648,351,2,car,0.76,1272.1611,238.21838
648,232,2,car,0.35,995.3882,107.357285
648,376,2,car,0.56,1015.0293,213.98212
648,406,2,car,0.34,1112.7207,143.53554
648,409,7,truck,0.52,919.5342,438.10742
648,343,6,train,0.39,1484.0829,164.9306
648,407,2,car,0.29,1034.6567,140.59528
649,29,2,car,0.78,178.72339,169.19728
649,206,2,car,0.52,412.3227,135.84296
649,211,2,car,0.59,510.24005,119.81245
649,328,2,car,0.69,817.02466,943.7544
649,333,2,car,0.72,1183.7217,411.6528
649,230,2,car,0.5,602.86005,115.08573
649,359,2,car,0.61,916.833,444.5026
649,361,2,car,0.73,822.07556,326.66104
649,351,2,car,0.77,1274.3752,240.32007
649,232,2,car,0.37,996.7127,105.42645
649,376,2,car,0.54,1015.39417,214.99081
649,406,2,car,0.46,1113.2004,143.11009
649,343,6,train,0.4,1481.0349,164.00317
649,407,2,car,0.33,1033.8677,141.17941
650,29,2,car,0.8,179.66551,169.23935
650,206,2,car,0.56,413.13684,135.28645
650,211,2,car,0.61,510.35413,119.46143
650,328,2,car,0.69,806.8825,956.612
650,333,2,car,0.74,1184.3615,419.4303
650,230,2,car,0.48,602.8999,113.94738
650,359,2,car,0.55,912.8518,452.91858
650,361,2,car,0.69,816.6158,331.10703
650,351,2,car,0.75,1276.6844,242.42372
650,232,2,car,0.4,997.68115,104.15045
650,376,2,car,0.46,1012.2595,214.54886
650,406,2,car,0.56,1113.5084,142.10715
650,343,6,train,0.31,1483.4265,163.72552
650,407,2,car,0.26,1033.918,141.7135
651,29,2,car,0.81,179.87546,169.21014
651,206,2,car,0.63,413.05872,134.81369
651,211,2,car,0.6,510.15558,118.82338
651,328,2,car,0.6,803.464,972.59674
651,333,2,car,0.71,1185.6697,426.4948
651,230,2,car,0.49,603.0823,113.130905
651,359,2,car,0.5,908.2174,460.27884
651,361,2,car,0.69,812.1349,335.61856
651,351,2,car,0.78,1278.6366,245.00787
651,232,2,car,0.42,998.1056,103.2053
651,376,2,car,0.66,1011.9411,216.55115
651,406,2,car,0.61,1113.3625,142.92712
651,407,2,car,0.38,1034.2013,142.95232
652,29,2,car,0.81,178.78667,167.0154
652,206,2,car,0.65,412.55746,133.82881
652,211,2,car,0.5,510.40204,116.45621
652,328,2,car,0.47,802.3583,989.50574
652,333,2,car,0.74,1188.3218,435.63684
652,230,2,car,0.53,603.87354,111.923355
652,359,2,car,0.39,904.9775,465.90237
652,361,2,car,0.75,807.6303,338.51788
652,351,2,car,0.74,1280.1753,246.54709
652,232,2,car,0.44,997.03345,102.23023
652,376,2,car,0.77,1012.1079,217.45818
652,406,2,car,0.61,1113.7001,142.0397
652,407,2,car,0.36,1033.5586,140.44136
652,343,6,train,0.42,1474.8573,160.51169
653,29,2,car,0.76,179.20027,168.74301
653,206,2,car,0.63,412.78888,134.28578
653,211,2,car,0.51,510.24084,116.1772
653,333,2,car,0.7,1192.8033,445.27667
653,230,2,car,0.52,604.1399,111.99071
653,359,2,car,0.56,902.4448,473.84467
653,361,2,car,0.75,802.3447,342.97302
653,351,2,car,0.8,1283.6338,249.86465
653,232,2,car,0.46,996.7704,102.499756
653,376,2,car,0.58,1012.44446,219.72343
653,406,2,car,0.58,1113.3416,144.48355
653,407,2,car,0.31,1033.4916,141.66177
653,343,6,train,0.52,1472.5283,157.61842
654,29,2,car,0.82,178.95258,166.9898
654,206,2,car,0.62,412.59418,133.74173
654,211,2,car,0.49,510.75327,115.86265
654,333,2,car,0.68,1195.3093,453.37238
654,230,2,car,0.52,603.95496,111.57241
654,359,2,car,0.56,898.8801,482.0943
654,361,2,car,0.73,796.7654,347.00397
654,351,2,car,0.77,1287.3967,253.50189
654,232,2,car,0.45,996.49994,102.585556
654,376,2,car,0.62,1011.66113,221.21057
654,406,2,car,0.61,1113.1201,145.71902
654,407,2,car,0.4,1033.4214,142.49481
654,343,6,train,0.39,1480.172,160.6891
655,29,2,car,0.8,177.8669,166.3748
655,206,2,car,0.61,411.7566,132.43494
655,211,2,car,0.49,510.15387,114.26235
655,333,2,car,0.69,1198.4087,460.06372
655,230,2,car,0.49,603.57117,110.47917
655,359,2,car,0.52,894.8558,490.1656
655,361,2,car,0.65,790.1304,351.01938
655,351,2,car,0.75,1290.9775,254.34335
655,232,2,car,0.51,997.87256,99.945435
655,376,2,car,0.74,1011.7366,220.9303
655,406,2,car,0.63,1114.1667,144.53928
655,407,2,car,0.43,1031.0759,142.6646
655,343,6,train,0.49,1476.0732,158.69788
656,29,2,car,0.79,177.50626,167.23749
656,206,2,car,0.55,411.43976,131.7401
656,211,2,car,0.51,509.6823,113.41471
656,333,2,car,0.72,1202.323,469.70117
656,230,2,car,0.49,603.04346,110.648346
656,359,2,car,0.57,891.3829,499.51285
656,361,2,car,0.58,784.7591,354.964
656,351,2,car,0.74,1294.448,255.70859
656,232,2,car,0.46,998.26306,99.411026
656,376,2,car,0.7,1010.4094,222.11679
656,406,2,car,0.61,1114.0742,142.55429
656,407,2,car,0.47,1030.6962,140.96457
656,343,6,train,0.52,1474.5126,155.77618
657,29,2,car,0.79,177.26193,164.04205
657,206,2,car,0.56,411.2067,129.96365
657,211,2,car,0.51,510.27527,113.10077
657,333,2,car,0.75,1205.1299,479.04834
657,230,2,car,0.32,601.265,109.83731
657,359,2,car,0.62,887.58307,507.98163
657,361,2,car,0.71,778.85144,358.65118
657,351,2,car,0.65,1297.9683,258.49484
657,232,2,car,0.45,999.1609,97.656876
657,376,2,car,0.59,1009.5348,222.97926
657,406,2,car,0.68,1114.1077,142.32089
657,407,2,car,0.31,1031.0919,141.42368
657,343,6,train,0.3,1474.9883,154.9678
658,29,2,car,0.73,176.95781,162.86505
658,206,2,car,0.55,411.50696,128.64577
658,211,2,car,0.54,510.25116,113.05606
658,333,2,car,0.65,1209.3307,489.26602
658,230,2,car,0.35,601.9912,107.31949
658,359,2,car,0.55,884.47034,517.16095
658,361,2,car,0.61,774.0958,363.21655
658,351,2,car,0.68,1301.0076,260.96695
658,232,2,car,0.44,998.0436,96.71823
658,376,2,car,0.55,1008.78516,224.8341
658,406,2,car,0.71,1114.6193,142.50024
658,343,6,train,0.42,1479.1575,156.17496
659,29,2,car,0.77,176.95767,163.13583
659,206,2,car,0.58,411.3484,129.19812
659,211,2,car,0.53,510.3962,113.36163
659,333,2,car,0.75,1212.773,499.62677
659,230,2,car,0.3,601.9591,107.22724
659,359,2,car,0.49,881.3572,528.6579
659,361,2,car,0.56,768.5586,366.41888
659,351,2,car,0.67,1304.9841,265.1096
659,232,2,car,0.46,997.9447,96.64605
659,376,2,car,0.54,1008.308,226.7283
659,406,2,car,0.7,1114.9004,143.5628
659,343,6,train,0.43,1484.532,159.05476
659,407,2,car,0.34,1031.6084,142.95197
660,29,2,car,0.75,176.58987,162.39456
660,206,2,car,0.63,411.80496,128.51585
660,211,2,car,0.5,510.26923,113.13252
660,333,2,car,0.75,1216.9607,513.50964
660,230,2,car,0.39,602.66626,106.267685
660,359,2,car,0.49,876.30945,536.8655
660,361,2,car,0.56,761.7931,372.4087
660,351,2,car,0.69,1308.0588,268.7568
660,232,2,car,0.5,997.6659,96.74123
660,376,2,car,0.6,1007.06726,228.62506
660,406,2,car,0.68,1116.6091,145.31454
660,343,6,train,0.38,1493.3334,156.48668
660,407,2,car,0.38,1031.5486,144.05186
661,29,2,car,0.76,175.52191,160.93678
661,206,2,car,0.62,411.2569,127.78287
661,211,2,car,0.57,510.1004,111.544235
661,333,2,car,0.78,1220.6583,526.3775
661,230,2,car,0.33,602.5461,106.478645
661,359,2,car,0.61,870.8512,547.28796
661,361,2,car,0.69,755.6776,378.75787
661,351,2,car,0.74,1311.8862,271.01047
661,232,2,car,0.36,998.16626,95.64451
661,376,2,car,0.53,1006.02844,230.61835
661,406,2,car,0.63,1117.3942,144.56015
661,343,6,train,0.27,1494.79,160.10696
661,407,2,car,0.45,1029.8933,141.7639
662,29,2,car,0.72,176.6133,159.67177
662,206,2,car,0.66,411.72595,126.49899
662,211,2,car,0.5,509.79388,110.115616
662,333,2,car,0.65,1225.9263,539.5298
662,230,2,car,0.4,602.61865,104.88336
662,359,2,car,0.47,866.3343,559.27985
662,361,2,car,0.56,749.1082,383.65155
662,351,2,car,0.79,1315.5159,272.90414
662,232,2,car,0.42,997.06824,94.81172
662,376,2,car,0.53,1006.02374,232.26265
662,406,2,car,0.65,1117.7484,144.10101
662,343,6,train,0.38,1491.0542,157.29951
662,407,2,car,0.38,1028.9469,142.5032
663,29,2,car,0.76,176.3032,160.79898
663,206,2,car,0.63,411.85132,127.56322
663,211,2,car,0.58,510.357,110.96901
663,333,2,car,0.81,1230.2241,553.87054
663,230,2,car,0.34,603.38074,106.626015
663,359,2,car,0.51,860.88696,573.4442
663,361,2,car,0.6,743.1423,390.0868
663,351,2,car,0.74,1319.1493,276.38464
663,232,2,car,0.37,997.6244,95.51778
663,376,2,car,0.61,1006.08093,234.64304
663,406,2,car,0.73,1117.7947,146.51819
663,407,2,car,0.45,1029.3385,144.08968
664,29,2,car,0.72,177.51112,159.56177
664,206,2,car,0.68,412.2965,125.99077
664,211,2,car,0.49,510.05862,110.179504
664,333,2,car,0.67,1234.6901,569.0128
664,230,2,car,0.41,603.0526,105.03535
664,359,2,car,0.39,855.68726,586.34625
664,361,2,car,0.47,731.83093,397.47894
664,351,2,car,0.73,1321.986,281.05316
664,232,2,car,0.37,997.0607,95.40495
664,376,2,car,0.46,1004.6197,238.1361
664,406,2,car,0.71,1118.4135,146.06926
664,407,2,car,0.34,1028.726,144.04013
665,29,2,car,0.73,177.6923,159.12068
665,206,2,car,0.69,411.86108,125.26239
665,211,2,car,0.44,509.80872,109.309944
665,333,2,car,0.77,1241.2461,585.192
665,230,2,car,0.44,602.9169,104.01579
665,359,2,car,0.58,850.64417,600.8783
665,361,2,car,0.63,725.6522,404.20996
665,351,2,car,0.69,1326.7578,284.02106
665,232,2,car,0.41,996.59216,96.21576
665,376,2,car,0.68,1003.3901,238.70361
665,406,2,car,0.74,1118.7805,146.25479
665,407,2,car,0.38,1027.9294,144.5055
665,343,6,train,0.61,1497.0508,158.58583
666,29,2,car,0.74,178.00258,158.68237
666,206,2,car,0.66,412.13892,124.60509
666,211,2,car,0.5,509.65967,108.82539
666,333,2,car,0.77,1247.1128,603.5226
666,230,2,car,0.42,602.88916,103.42087
666,359,2,car,0.57,844.4956,613.2239
666,361,2,car,0.66,717.8607,409.85202
666,351,2,car,0.74,1331.1548,287.31168
666,232,2,car,0.33,997.1802,95.811676
666,376,2,car,0.66,1002.9025,240.40298
666,406,2,car,0.76,1119.7786,145.52434
666,407,2,car,0.42,1027.3877,144.64825
666,343,6,train,0.55,1501.1831,157.33102
667,29,2,car,0.78,178.92722,157.85382
667,206,2,car,0.65,411.8899,124.34201
667,211,2,car,0.53,509.70166,108.45255
667,333,2,car,0.8,1253.6814,622.245
667,230,2,car,0.4,602.8065,103.19664
667,359,2,car,0.65,837.9752,628.36505
667,361,2,car,0.65,710.70013,416.54303
667,351,2,car,0.7,1337.2778,291.87177
667,232,2,car,0.41,997.34204,93.11719
667,376,2,car,0.72,1003.0399,242.75293
667,406,2,car,0.78,1120.685,145.53107
667,407,2,car,0.55,1026.4227,145.0828
667,343,6,train,0.45,1503.5823,157.32874
668,29,2,car,0.75,179.59885,158.5536
668,206,2,car,0.71,412.15924,124.305756
668,211,2,car,0.5,509.8764,109.37271
668,333,2,car,0.77,1260.4432,641.7036
668,230,2,car,0.35,602.7849,103.42259
668,359,2,car,0.6,833.2975,646.30194
668,361,2,car,0.63,703.9955,424.97723
668,351,2,car,0.73,1339.3564,297.3275
668,232,2,car,0.32,996.56464,93.39138
668,376,2,car,0.72,1001.6179,245.0771
668,406,2,car,0.77,1120.9235,147.23152
668,407,2,car,0.56,1025.2118,147.36533
668,343,6,train,0.46,1506.9248,156.58731
669,29,2,car,0.71,179.56268,158.70953
669,206,2,car,0.72,412.02612,124.26891
669,211,2,car,0.5,509.85983,109.48695
669,333,2,car,0.76,1267.3594,661.28577
669,230,2,car,0.33,602.6815,103.03537
669,359,2,car,0.75,825.66125,663.2873
669,361,7,truck,0.45,696.4752,430.8258
669,351,2,car,0.73,1342.8799,300.668
669,232,2,car,0.32,996.3972,92.73126
669,376,2,car,0.67,1002.7396,247.04558
669,406,2,car,0.79,1121.3375,147.50049
669,407,2,car,0.53,1023.93787,148.16112
669,343,6,train,0.52,1512.8684,156.66391
670,29,2,car,0.69,179.90126,158.46187
670,206,2,car,0.71,411.85284,124.24924
670,211,2,car,0.51,509.89493,108.74902
670,333,2,car,0.83,1275.7142,682.5211
670,230,2,car,0.34,602.5116,102.55702
670,359,2,car,0.73,818.4668,682.16516
670,361,7,truck,0.52,687.9751,438.88086
670,351,2,car,0.75,1347.9873,303.44318
670,232,2,car,0.32,995.69904,90.4835
670,376,2,car,0.74,1002.09784,249.14659
670,406,2,car,0.76,1122.7393,148.65741
670,407,2,car,0.54,1023.61005,148.23553
670,343,6,train,0.44,1520.6753,156.3642
670,443,2,car,0.44,688.74066,437.73627
671,29,2,car,0.73,179.5785,158.10184
671,206,2,car,0.7,411.24255,124.515686
671,211,2,car,0.57,509.47565,108.17445
671,333,2,car,0.83,1284.312,707.49396
671,230,2,car,0.4,602.714,102.33011
671,359,2,car,0.7,812.22046,702.4761
671,361,2,car,0.61,679.4746,445.90845
671,351,2,car,0.72,1354.3849,308.08936
671,232,2,car,0.36,996.03894,89.17659
671,376,2,car,0.63,999.7919,251.34926
671,406,2,car,0.81,1123.4668,149.77686
671,407,2,car,0.5,1023.91174,148.57909
671,343,6,train,0.68,1525.5629,156.40004
672,29,2,car,0.74,180.35938,157.4289
672,206,2,car,0.67,411.22803,124.257034
672,211,2,car,0.54,509.43176,107.74451
672,333,2,car,0.8,1293.3959,734.0093
672,230,2,car,0.33,602.892,101.847305
672,359,2,car,0.64,804.3362,724.42096
672,361,2,car,0.49,670.32043,455.88553
672,351,2,car,0.67,1358.3835,314.23407
672,232,2,car,0.39,995.6792,89.71481
672,376,2,car,0.83,998.551,253.22351
672,406,2,car,0.83,1123.167,150.37836
672,407,2,car,0.49,1022.9181,147.26108
672,343,6,train,0.56,1528.8304,159.25452
672,443,7,truck,0.4,670.06366,455.8427
673,29,2,car,0.68,180.51035,158.50732
673,206,2,car,0.67,412.00552,124.82925
673,211,2,car,0.45,509.74783,107.3582
673,333,2,car,0.87,1303.7985,762.29694
673,230,2,car,0.34,602.9456,102.295364
673,359,2,car,0.71,797.91394,744.984
673,361,2,car,0.39,661.25037,465.2189
673,351,2,car,0.64,1362.8715,319.96942
673,232,2,car,0.32,996.228,90.61172
673,376,2,car,0.78,997.91284,255.82016
673,406,2,car,0.83,1123.2356,151.05359
673,407,2,car,0.46,1022.18134,148.26614
673,343,6,train,0.65,1529.3259,160.93521
673,443,7,truck,0.37,661.0906,465.56
674,29,2,car,0.64,180.78493,158.80518
674,206,2,car,0.7,412.30243,124.824036
674,211,2,car,0.4,509.82892,107.2997
674,333,2,car,0.85,1313.6189,793.333
674,230,2,car,0.34,602.69104,102.30269
674,359,2,car,0.86,789.7705,767.41797
674,351,2,car,0.74,1369.2588,325.1887
674,232,2,car,0.37,997.28864,91.201706
674,376,2,car,0.74,997.1582,259.27124
674,406,2,car,0.85,1123.6536,152.21936
674,407,2,car,0.41,1022.3537,150.59549
674,343,6,train,0.58,1532.408,160.87347
674,447,5,bus,0.33,1536.2411,166.48618
675,29,2,car,0.72,180.48883,157.61115
675,206,2,car,0.65,412.8192,124.9164
675,211,2,car,0.48,509.78046,107.00798
675,333,2,car,0.86,1326.2129,829.68774
675,230,2,car,0.31,602.7574,101.14635
675,359,2,car,0.79,780.16064,791.85583
675,351,2,car,0.69,1377.0377,331.05038
675,232,2,car,0.39,998.0538,91.80343
675,376,2,car,0.74,997.006,263.04895
675,406,2,car,0.86,1124.5165,152.80685
675,407,2,car,0.4,1022.26355,151.0794
675,343,6,train,0.55,1535.6321,161.59503
675,447,5,bus,0.32,1549.754,169.92618
675,361,2,car,0.68,639.1978,483.74847
676,29,2,car,0.7,181.68573,157.9609
676,206,2,car,0.64,413.70898,125.40283
676,211,2,car,0.46,510.45795,107.12521
676,333,2,car,0.88,1340.3711,864.42896
676,230,2,car,0.32,603.128,100.87116
676,359,2,car,0.59,772.63257,819.7765
676,351,2,car,0.78,1383.0397,335.97
676,232,2,car,0.46,997.48395,91.57924
676,376,2,car,0.8,997.2586,266.68124
676,406,2,car,0.86,1125.4552,154.05823
676,407,2,car,0.54,1023.4319,152.44302
676,343,6,train,0.66,1537.5217,162.93625
676,449,2,car,0.43,1158.0029,101.28286
676,361,2,car,0.67,627.9447,494.69943
677,29,2,car,0.7,181.69844,157.50496
677,206,2,car,0.63,413.43954,124.363815
677,211,2,car,0.5,509.90073,106.92607
677,333,2,car,0.8,1351.9875,884.8391
677,230,2,car,0.37,603.3445,100.1046
677,359,2,car,0.76,760.52966,848.38654
677,351,2,car,0.76,1388.8567,342.4013
677,232,2,car,0.44,996.48193,91.033325
677,376,2,car,0.76,996.6514,268.8819
677,406,2,car,0.82,1125.7139,154.50946
677,407,2,car,0.45,1022.1636,150.87561
677,343,6,train,0.54,1535.5769,162.6916
677,449,2,car,0.46,1157.3518,101.17187
677,361,2,car,0.7,616.43774,505.0866
678,29,2,car,0.72,181.35966,157.12096
678,206,2,car,0.66,413.1374,122.815285
678,211,2,car,0.48,509.65866,107.121445
678,333,2,car,0.84,1364.8684,900.5161
678,230,2,car,0.41,604.24066,99.87952
678,359,2,car,0.62,719.4385,877.30383
678,351,2,car,0.69,1395.576,348.60425
678,232,2,car,0.49,997.1099,90.66005
678,376,2,car,0.76,996.1319,271.0769
678,406,2,car,0.83,1125.9094,155.5878
678,407,2,car,0.54,1024.1631,152.54987
678,343,6,train,0.44,1541.4695,163.91287
678,449,2,car,0.43,1157.8187,101.192474
678,361,2,car,0.58,605.7071,517.0939
678,452,2,car,0.37,1050.0631,94.156296
679,29,2,car,0.71,182.01591,157.21849
679,206,2,car,0.67,413.44385,122.33789
679,211,2,car,0.48,509.8449,107.30828
679,333,2,car,0.78,1375.8181,917.209
679,230,2,car,0.4,604.93396,100.09842
679,359,2,car,0.78,724.9321,896.6513
679,351,2,car,0.62,1400.7407,353.83252
679,232,2,car,0.44,996.735,89.72545
679,376,2,car,0.72,995.8149,274.04016
679,406,2,car,0.84,1126.9581,156.4466
679,407,2,car,0.55,1025.7328,154.03094
679,343,6,train,0.52,1542.3282,163.15189
679,449,2,car,0.45,1158.2214,101.45344
679,361,2,car,0.72,592.50085,528.63983
679,452,2,car,0.32,1050.5491,94.36585
680,29,2,car,0.72,181.63112,156.8765
680,206,2,car,0.68,413.3282,121.91727
680,211,2,car,0.42,510.17883,106.49378
680,333,2,car,0.65,1385.8213,933.94727
680,230,2,car,0.4,605.14105,100.08746
680,359,2,car,0.56,721.151,908.37335
680,351,2,car,0.73,1407.9424,360.44995
680,232,2,car,0.51,997.90796,88.795235
680,376,2,car,0.57,993.50024,276.67725
680,406,2,car,0.82,1127.7606,156.45909
680,407,2,car,0.65,1025.6893,154.71973
680,343,6,train,0.62,1541.0549,164.86864
680,449,2,car,0.47,1158.1387,101.09895
680,361,2,car,0.71,579.9698,539.93005
680,452,2,car,0.35,1051.2473,93.074066
681,29,2,car,0.68,183.30812,156.40303
681,206,2,car,0.69,413.8294,121.736115
681,211,2,car,0.41,510.83575,106.13181
681,333,2,car,0.5,1390.2563,953.84894
681,230,2,car,0.35,605.9446,100.52654
681,359,2,car,0.62,711.1561,922.8922
681,351,2,car,0.71,1415.8998,367.18
681,232,2,car,0.47,998.8949,88.87509
681,376,2,car,0.55,991.2361,281.51147
681,406,2,car,0.84,1128.2395,157.70757
681,407,2,car,0.74,1024.7202,155.17004
681,343,6,train,0.39,1552.3525,171.91954
681,449,2,car,0.47,1159.156,100.17735
681,361,2,car,0.72,565.7699,552.40173
681,452,2,car,0.36,1051.4548,91.71556
682,29,2,car,0.68,185.39763,156.59161
682,206,2,car,0.62,414.89673,121.91418
682,211,2,car,0.34,511.82364,106.53253
682,230,2,car,0.27,605.8474,100.45318
682,359,2,car,0.86,699.8077,936.959
682,351,2,car,0.72,1422.4009,375.20038
682,232,2,car,0.48,999.81177,88.82512
682,376,2,car,0.74,990.9817,284.76657
682,406,2,car,0.79,1129.0641,159.08023
682,407,2,car,0.76,1024.5328,154.45317
682,343,6,train,0.52,1561.7577,171.4273
682,449,2,car,0.39,1158.6292,99.811676
682,361,2,car,0.71,552.59753,566.41077
682,447,6,train,0.29,1620.5554,182.208
683,29,2,car,0.58,185.52768,156.11703
683,206,2,car,0.65,415.20068,121.85729
683,211,2,car,0.36,512.05505,106.32351
683,230,2,car,0.34,605.5327,100.259964
683,359,2,car,0.43,688.9502,953.78876
683,351,2,car,0.71,1431.4084,380.51688
683,232,2,car,0.48,1000.48816,88.75226
683,376,2,car,0.72,989.35046,288.496
683,406,2,car,0.78,1129.3097,160.19894
683,407,2,car,0.75,1024.0945,154.9194
683,343,6,train,0.63,1563.7356,173.13342
683,449,2,car,0.38,1158.7112,99.10872
683,361,2,car,0.75,536.5759,580.35913
684,29,2,car,0.59,184.57498,155.64703
684,206,2,car,0.62,414.81335,121.48931
684,211,2,car,0.4,511.74677,106.129776
684,230,2,car,0.37,605.5205,100.109024
684,359,2,car,0.58,689.6384,969.3417
684,351,2,car,0.63,1439.0776,388.4837
684,232,2,car,0.48,1000.42664,88.78894
684,376,2,car,0.78,989.31757,290.89886
684,406,2,car,0.78,1130.4049,161.92294
684,407,2,car,0.77,1023.3989,155.45706
684,343,6,train,0.63,1570.2305,172.17288
684,449,2,car,0.38,1159.0569,98.09389
684,361,2,car,0.8,519.00183,595.65295
684,452,2,car,0.31,1054.6602,93.73046
685,29,2,car,0.65,184.83841,155.073
685,206,2,car,0.64,414.98163,121.1541
685,211,2,car,0.41,512.7803,104.80144
685,230,2,car,0.34,606.04004,99.649895
685,359,2,car,0.47,683.5768,989.2855
685,351,2,car,0.69,1447.6782,396.56396
685,232,2,car,0.46,1000.7062,89.17079
685,376,2,car,0.77,988.7859,293.3194
685,406,2,car,0.79,1131.5042,163.27542
685,407,2,car,0.76,1023.814,156.5903
685,343,6,train,0.69,1566.4968,171.92522
685,449,2,car,0.41,1159.3728,97.37336
685,361,2,car,0.81,502.61438,611.9174
685,452,2,car,0.33,1054.8398,94.189
686,29,2,car,0.65,184.4754,154.55804
686,206,2,car,0.63,415.1889,120.57295
686,211,2,car,0.44,513.24774,103.86207
686,230,2,car,0.31,605.40765,99.1031
686,359,2,car,0.54,679.62805,1009.48975
686,351,2,car,0.67,1455.5122,406.63217
686,232,2,car,0.47,1000.0293,89.57773
686,376,2,car,0.78,987.97504,297.34338
686,406,2,car,0.81,1131.7358,163.71027
686,407,2,car,0.74,1024.2167,157.76099
686,343,6,train,0.59,1569.2925,172.01668
686,449,2,car,0.42,1159.7136,97.03145
686,361,2,car,0.86,485.5713,627.5863
686,452,2,car,0.3,1054.5376,94.28737
687,29,2,car,0.56,185.91855,155.95091
687,206,2,car,0.63,415.8277,121.54581
687,211,2,car,0.53,514.1948,105.16954
687,230,2,car,0.36,606.70886,100.50877
687,359,2,car,0.34,668.50806,1031.9259
687,351,2,car,0.67,1462.6318,416.0536
687,232,2,car,0.44,1001.9752,90.43036
687,376,2,car,0.83,988.3962,302.48187
687,406,2,car,0.87,1132.8735,166.49905
687,407,2,car,0.79,1026.1154,159.85277
687,343,6,train,0.49,1572.3488,173.79587
687,449,2,car,0.46,1161.0098,98.43346
687,361,2,car,0.87,467.63983,646.2977
687,452,2,car,0.54,1053.489,96.12424
687,447,6,train,0.33,1670.6232,193.28384
688,29,2,car,0.62,188.54735,156.40915
688,206,2,car,0.61,417.43906,122.13457
688,211,2,car,0.52,515.0224,106.34176
688,230,2,car,0.38,607.37695,100.67126
688,351,2,car,0.68,1474.0549,426.75073
688,232,2,car,0.36,1002.81995,91.802086
688,376,2,car,0.83,987.39197,306.87756
688,406,2,car,0.85,1134.409,168.47241
688,407,2,car,0.79,1028.6085,160.64905
688,343,6,train,0.68,1579.6837,177.7617
688,449,2,car,0.4,1162.2742,99.32243
688,361,2,car,0.84,447.04077,665.80414
688,452,2,car,0.55,1052.0961,96.51984
689,29,2,car,0.65,187.59183,154.4613
689,206,2,car,0.64,416.4712,121.16874
689,211,2,car,0.56,514.6958,105.55651
689,230,2,car,0.39,607.1627,100.11095
689,351,2,car,0.65,1484.4629,436.27817
689,232,2,car,0.37,1002.5648,91.30348
689,376,2,car,0.82,985.4257,310.597
689,406,2,car,0.88,1134.7582,168.93271
689,407,2,car,0.78,1027.3179,160.3502
689,343,6,train,0.63,1584.1141,177.96497
689,449,2,car,0.41,1164.2708,99.46404
689,361,2,car,0.84,425.5581,685.27563
689,452,2,car,0.62,1051.3164,94.21193
690,29,2,car,0.61,186.08928,155.015
690,206,2,car,0.65,415.54773,121.19403
690,211,2,car,0.51,514.4249,105.03514
690,230,2,car,0.34,606.32263,100.060745
690,351,2,car,0.82,1495.0471,446.11984
690,232,2,car,0.36,1001.51715,91.66379
690,376,2,car,0.84,984.24677,312.69073
690,406,2,car,0.84,1134.8512,170.10562
690,407,2,car,0.7,1025.852,161.50232
690,343,6,train,0.63,1586.2122,177.15056
690,449,2,car,0.41,1165.3228,99.72231
690,361,2,car,0.85,403.13782,706.7868
690,452,2,car,0.54,1051.3367,94.495605
691,29,2,car,0.63,187.91016,153.9085
691,206,2,car,0.63,417.4118,121.086716
691,211,2,car,0.57,515.5269,105.95119
691,230,2,car,0.42,608.00745,100.37069
691,351,2,car,0.72,1506.4337,457.25745
691,376,2,car,0.75,983.1797,318.11
691,406,2,car,0.86,1135.8804,171.39397
691,407,2,car,0.68,1024.5831,163.47787
691,343,6,train,0.68,1587.7075,176.09296
691,449,2,car,0.46,1167.1819,100.36935
691,361,2,car,0.88,380.77362,729.12885
691,452,2,car,0.65,1050.5854,92.99106
692,29,2,car,0.63,188.23077,153.68726
692,206,2,car,0.65,417.83575,120.40842
692,211,2,car,0.52,515.1479,105.65581
692,230,2,car,0.4,608.15344,99.44737
692,351,2,car,0.66,1517.1692,469.13806
692,376,2,car,0.77,982.4447,322.15594
692,406,2,car,0.82,1136.5848,172.32161
692,407,2,car,0.7,1023.488,163.23248
692,343,6,train,0.66,1597.2683,176.43794
692,449,2,car,0.39,1169.0553,100.333145
692,361,2,car,0.92,354.16266,752.1277
692,452,2,car,0.66,1050.8434,93.51289
692,458,2,car,0.33,1174.3093,105.66627
692,232,2,car,0.29,1001.3097,93.77179
693,29,2,car,0.66,187.69334,153.84435
693,206,2,car,0.63,418.0923,120.219406
693,211,2,car,0.52,515.1035,105.57283
693,230,2,car,0.38,608.2245,99.109955
693,351,2,car,0.69,1529.6738,480.52356
693,376,2,car,0.8,982.24384,325.8227
693,406,2,car,0.81,1138.1238,173.75552
693,407,2,car,0.73,1023.5838,163.60332
693,343,6,train,0.67,1606.4216,177.31998
693,449,2,car,0.42,1169.5017,99.30498
693,361,2,car,0.91,327.41705,779.33264
693,452,2,car,0.69,1051.2764,93.62497
693,458,2,car,0.35,1174.158,105.26878
693,232,2,car,0.28,1001.4317,97.952065
694,29,2,car,0.63,187.74744,153.79681
694,206,2,car,0.62,418.0221,119.90904
694,211,2,car,0.5,515.54224,105.025604
694,230,2,car,0.4,608.66504,98.72272
694,351,2,car,0.51,1543.5337,494.48312
694,376,2,car,0.74,980.1596,330.67798
694,406,2,car,0.8,1139.3453,175.74428
694,407,2,car,0.69,1022.35925,164.52771
694,343,6,train,0.78,1615.9911,179.98358
694,449,2,car,0.43,1169.2117,97.98275
694,361,2,car,0.91,295.98163,807.51355
694,452,2,car,0.66,1051.3616,92.89929
694,458,2,car,0.4,1175.1838,104.94731
694,232,2,car,0.28,1001.83405,100.84711
694,460,2,car,0.37,1000.6179,122.05647
695,29,2,car,0.66,188.25758,152.66487
695,206,2,car,0.64,418.6356,120.10614
695,211,2,car,0.46,515.6581,104.50225
695,230,2,car,0.44,609.12,98.840515
695,351,2,car,0.67,1557.503,508.26782
695,376,2,car,0.74,977.50635,335.2625
695,406,2,car,0.83,1139.9847,177.77359
695,407,2,car,0.64,1022.4104,165.27371
695,343,6,train,0.75,1618.9543,182.17233
695,449,2,car,0.37,1168.2048,96.03941
695,361,2,car,0.92,263.8478,836.7605
695,452,2,car,0.6,1052.4668,92.461975
695,458,2,car,0.42,1176.7445,104.83644
695,460,2,car,0.3,1001.3891,122.47582
696,29,2,car,0.66,188.96173,153.39008
696,206,2,car,0.63,419.4148,120.09275
696,211,2,car,0.44,516.14813,104.138565
696,230,2,car,0.49,609.3596,99.11371
696,351,2,car,0.79,1571.7778,525.1978
696,376,2,car,0.81,974.9219,340.89542
696,406,2,car,0.88,1139.9525,179.4023
696,407,2,car,0.66,1022.8086,166.11879
696,343,6,train,0.72,1619.0154,183.52306
696,449,2,car,0.37,1166.5875,94.36406
696,361,2,car,0.92,228.85449,869.37695
696,452,2,car,0.65,1052.6691,92.29962
696,458,2,car,0.46,1179.9182,106.51123
696,460,2,car,0.34,1000.95996,122.91019
697,29,2,car,0.65,188.38525,152.52693
697,206,2,car,0.63,419.68747,119.88603
697,211,2,car,0.47,516.3458,103.83125
697,230,2,car,0.46,609.2937,99.09441
697,351,2,car,0.66,1586.2544,539.49194
697,376,2,car,0.79,974.1508,345.8338
697,406,2,car,0.79,1139.7554,181.54568
697,407,2,car,0.71,1025.2782,166.60962
697,343,6,train,0.66,1623.5518,183.14171
697,449,2,car,0.35,1163.6737,90.35451
697,361,2,car,0.92,208.95642,893.34216
697,452,2,car,0.62,1053.0288,92.23567
697,458,2,car,0.43,1181.3513,107.029434
697,460,2,car,0.39,999.2767,124.26904
698,29,2,car,0.64,187.85269,151.40343
698,206,2,car,0.61,419.50153,119.146484
698,211,2,car,0.5,516.068,103.14522
698,230,2,car,0.43,609.1787,98.764595
698,351,2,car,0.72,1604.7484,555.9592
698,376,2,car,0.81,973.46344,350.29675
698,406,2,car,0.9,1141.6102,183.05206
698,407,2,car,0.68,1024.597,166.91415
698,343,6,train,0.64,1623.812,183.89685
698,449,2,car,0.37,1163.5061,89.58232
698,361,2,car,0.91,194.58057,907.9951
698,452,2,car,0.51,1054.0171,91.13015
698,458,2,car,0.42,1182.1442,107.726585
698,460,2,car,0.33,998.55695,124.27263
699,29,2,car,0.63,188.13083,149.97607
699,206,2,car,0.56,419.82965,118.37067
699,211,2,car,0.56,515.64233,102.632454
699,230,2,car,0.42,609.1833,97.494446
699,351,2,car,0.59,1621.7533,573.70544
699,376,2,car,0.83,971.75366,355.21307
699,406,2,car,0.86,1141.8555,184.75937
699,407,2,car,0.64,1023.6944,168.28687
699,343,6,train,0.76,1627.148,188.19653
699,449,2,car,0.38,1162.1383,88.11899
699,361,2,car,0.89,180.21321,922.78436
699,452,2,car,0.51,1053.2827,90.26287
699,458,2,car,0.54,1182.2336,108.412186
699,460,2,car,0.25,997.97253,123.706604
700,29,2,car,0.62,187.8649,149.95891
700,206,2,car,0.56,420.30145,118.336624
700,211,2,car,0.56,515.6736,102.76936
700,230,2,car,0.4,609.1873,97.06587
700,351,2,car,0.7,1640.1973,592.788
700,376,2,car,0.81,969.3916,360.82166
700,406,2,car,0.82,1142.5293,185.52924
700,407,2,car,0.67,1022.7202,168.96057
700,343,6,train,0.7,1623.4697,190.10226
700,449,2,car,0.38,1161.3772,87.656265
700,361,2,car,0.86,164.61272,939.2738
700,452,2,car,0.51,1052.7329,89.946884
700,458,2,car,0.47,1182.3418,109.04844
700,460,2,car,0.25,996.93677,125.06619
701,29,2,car,0.6,187.50702,150.16808
701,206,2,car,0.56,420.7569,118.2977
701,211,2,car,0.57,515.97845,102.8106
701,230,2,car,0.42,609.12885,96.93992
701,351,2,car,0.76,1659.3125,611.8349
701,376,2,car,0.81,967.76263,366.68216
701,406,2,car,0.85,1143.2769,187.62164
701,407,2,car,0.72,1023.24,169.56387
701,343,6,train,0.71,1627.9551,191.18369
701,449,2,car,0.36,1163.3392,87.590675
701,361,2,car,0.87,146.79485,955.5354
701,452,2,car,0.53,1052.1819,89.84883
701,458,2,car,0.39,1182.107,108.39673
701,460,2,car,0.37,996.7749,125.55292
702,29,2,car,0.61,187.23885,150.2204
702,206,2,car,0.59,419.8906,117.632385
702,211,2,car,0.57,515.74207,101.10202
702,230,2,car,0.5,608.7946,95.08492
702,351,2,car,0.81,1681.0133,635.00037
702,376,2,car,0.8,966.97314,373.24512
702,406,2,car,0.87,1143.7224,188.50186
702,407,2,car,0.74,1022.4021,169.86826
702,343,6,train,0.58,1633.1791,196.92668
702,449,2,car,0.36,1164.7058,87.04859
702,361,2,car,0.52,126.473526,975.3058
702,452,2,car,0.51,1053.0513,89.92347
702,458,2,car,0.49,1182.516,108.25929
702,460,2,car,0.41,996.57715,124.60629
703,29,2,car,0.62,187.56558,150.36525
703,206,2,car,0.59,419.61786,118.20178
703,211,2,car,0.57,515.4509,101.05072
703,230,2,car,0.49,608.84564,94.985085
703,351,2,car,0.84,1705.219,656.6694
703,376,2,car,0.86,965.0138,380.2392
703,406,2,car,0.84,1144.4541,190.15427
703,407,2,car,0.72,1019.7394,170.78677
703,343,6,train,0.71,1639.645,199.47662
703,449,2,car,0.32,1164.5583,86.84477
703,361,2,car,0.64,104.57737,995.6331
703,452,2,car,0.54,1052.8531,91.15837
703,458,2,car,0.59,1182.8938,109.34477
703,460,2,car,0.39,996.4254,125.17026
704,29,2,car,0.62,188.03702,150.12277
704,206,2,car,0.58,419.72162,118.267944
704,211,2,car,0.56,515.4775,100.914764
704,230,2,car,0.47,608.9775,94.938644
704,351,2,car,0.81,1731.5533,683.5485
704,376,2,car,0.81,962.8089,387.78387
704,406,2,car,0.85,1144.7356,192.47888
704,407,2,car,0.66,1019.375,171.69711
704,343,6,train,0.62,1643.9319,202.94395
704,449,2,car,0.26,1165.1279,85.34665
704,452,2,car,0.56,1053.0249,93.133316
704,458,2,car,0.61,1183.3066,111.32938
704,460,2,car,0.43,996.04205,125.58598
705,29,2,car,0.62,187.72626,150.54729
705,206,2,car,0.6,421.07462,117.98329
705,211,2,car,0.59,516.55884,101.12401
705,230,2,car,0.46,609.2783,94.72929
705,351,2,car,0.84,1752.8469,710.26605
705,376,2,car,0.79,960.9567,393.97314
705,406,2,car,0.87,1145.8721,195.54535
705,407,2,car,0.63,1019.4823,173.21646
705,343,6,train,0.63,1639.5852,202.12347
705,452,2,car,0.64,1053.441,92.237854
705,458,2,car,0.58,1183.443,114.39143
705,460,2,car,0.5,994.97095,126.61901
706,29,2,car,0.69,188.0173,151.27145
706,206,2,car,0.62,420.8397,118.80695
706,211,2,car,0.54,516.38715,102.80569
706,230,2,car,0.45,608.8956,96.81954
706,351,2,car,0.84,1765.2731,739.26636
706,376,2,car,0.77,959.6952,401.2202
706,406,2,car,0.85,1146.3108,197.14055
706,407,2,car,0.63,1020.3129,175.15698
706,343,6,train,0.58,1640.9694,203.84062
706,452,2,car,0.47,1053.6893,91.67598
706,458,2,car,0.54,1183.6174,113.70984
706,460,2,car,0.41,992.0574,128.1214
707,29,2,car,0.62,187.0306,150.43855
707,206,2,car,0.59,420.9218,117.646454
707,211,2,car,0.56,516.1969,101.14101
707,230,2,car,0.51,609.1244,95.12572
707,351,2,car,0.79,1776.2601,773.56494
707,376,2,car,0.76,956.50366,406.97406
707,406,2,car,0.8,1147.6482,198.2699
707,407,2,car,0.64,1021.7915,176.75462
707,343,6,train,0.71,1644.2922,203.87123
707,452,2,car,0.56,1053.7228,92.14447
707,458,2,car,0.5,1184.2563,113.53186
707,460,2,car,0.47,992.7845,129.43459
708,29,2,car,0.67,187.09695,149.86475
708,206,2,car,0.6,421.13083,116.7659
708,211,2,car,0.56,516.5582,100.38792
708,230,2,car,0.45,608.632,93.48237
708,351,2,car,0.86,1787.9152,809.40234
708,376,2,car,0.7,953.9967,412.44916
708,406,2,car,0.78,1148.1775,199.79387
708,407,2,car,0.66,1022.56464,177.85403
708,343,6,train,0.72,1646.112,205.74785
708,452,2,car,0.45,1053.7891,92.76857
708,458,2,car,0.53,1186.1812,113.751785
708,460,2,car,0.5,991.1697,131.14607
709,29,2,car,0.65,187.53003,150.4267
709,206,2,car,0.6,421.5899,117.107185
709,211,2,car,0.59,517.2834,101.10205
709,230,2,car,0.47,608.38965,93.839935
709,351,2,car,0.84,1801.0598,844.3256
709,376,2,car,0.72,951.56177,421.39304
709,406,2,car,0.8,1148.7378,203.21542
709,407,2,car,0.73,1021.7132,179.38702
709,343,6,train,0.59,1647.689,209.00868
709,452,2,car,0.48,1053.5226,92.75169
709,458,2,car,0.58,1185.593,114.55304
709,460,2,car,0.56,990.579,132.53267
710,29,2,car,0.67,187.77434,149.89615
710,206,2,car,0.68,421.65137,116.52562
710,211,2,car,0.54,518.26294,101.09625
710,230,2,car,0.47,608.9892,93.69053
710,351,2,car,0.78,1815.4097,874.8169
710,376,2,car,0.81,948.9937,429.5152
710,406,2,car,0.79,1149.6875,205.62924
710,407,2,car,0.68,1020.775,180.34805
710,343,6,train,0.67,1655.6016,212.29927
710,452,2,car,0.43,1053.2737,92.14752
710,458,2,car,0.53,1187.3784,115.35217
710,460,2,car,0.56,990.1351,133.36427
711,29,2,car,0.68,186.99303,150.44768
711,206,2,car,0.65,421.06296,116.449936
711,211,2,car,0.58,517.646,101.09922
711,230,2,car,0.45,608.4304,93.53975
711,351,2,car,0.72,1830.2025,893.65
711,376,2,car,0.82,945.94446,438.61664
711,406,2,car,0.8,1149.665,207.5163
711,407,2,car,0.72,1019.6274,180.7843
711,343,6,train,0.67,1652.9595,209.5789
711,452,2,car,0.42,1052.5116,92.010925
711,458,2,car,0.44,1186.8054,114.078995
711,460,2,car,0.59,988.64514,134.26434
712,29,2,car,0.66,186.68227,151.1336
712,206,2,car,0.65,421.28357,116.58741
712,211,2,car,0.56,517.58716,101.33197
712,230,2,car,0.46,608.5008,93.831345
712,351,2,car,0.8,1848.0997,914.2237
712,376,2,car,0.79,944.5548,448.0156
712,406,2,car,0.77,1150.4233,211.20598
712,407,2,car,0.66,1017.1932,182.40721
712,343,6,train,0.8,1653.2971,212.29617
712,452,2,car,0.46,1051.5962,93.977905
712,458,2,car,0.5,1188.4463,115.63516
712,460,2,car,0.53,988.6297,134.9646
713,29,2,car,0.66,186.9856,151.19691
713,206,2,car,0.66,421.23846,116.59407
713,211,2,car,0.56,517.6154,101.34509
713,230,2,car,0.48,608.4319,94.113914
713,351,2,car,0.75,1868.1414,937.0594
713,376,2,car,0.75,943.2081,457.1021
713,406,2,car,0.73,1151.8124,214.64272
713,407,2,car,0.69,1016.0501,183.35052
713,343,6,train,0.77,1653.1547,216.12848
713,452,2,car,0.56,1051.0995,94.491745
713,458,2,car,0.48,1191.6567,118.913734
713,460,2,car,0.55,988.4752,135.56223
714,29,2,car,0.63,188.13495,151.39163
714,206,2,car,0.62,421.03107,117.64691
714,211,2,car,0.6,518.02435,102.47499
714,230,2,car,0.52,609.25964,95.37351
714,376,2,car,0.79,941.1979,466.64145
714,406,2,car,0.8,1152.4225,218.15546
714,407,2,car,0.68,1015.22754,184.98311
714,343,6,train,0.6,1647.3591,218.35849
714,452,2,car,0.34,1051.6702,93.8802
714,458,2,car,0.38,1190.297,119.16129
714,460,2,car,0.51,986.8623,137.4639
715,29,2,car,0.67,188.78067,151.8996
715,206,2,car,0.64,420.44873,118.27423
715,211,2,car,0.59,518.0448,103.05693
715,230,2,car,0.52,609.3564,95.87001
715,376,2,car,0.64,938.33215,477.36328
715,406,2,car,0.77,1153.0457,220.65518
715,407,2,car,0.7,1015.6117,187.05255
715,343,6,train,0.55,1642.7439,218.5909
715,452,2,car,0.36,1051.4395,94.544556
715,458,2,car,0.5,1190.7656,120.2827
715,460,2,car,0.52,985.833,138.24113
